,date,location,location_name,value
0,2021-01-02,02,Alaska,0
1,2021-01-02,01,Alabama,25
2,2021-01-02,05,Arkansas,23
3,2021-01-02,04,Arizona,20
4,2021-01-02,06,California,56
5,2021-01-02,08,Colorado,5
6,2021-01-02,09,Connecticut,1
7,2021-01-02,11,District of Columbia,0
8,2021-01-02,10,Delaware,0
9,2021-01-02,12,Florida,42
10,2021-01-02,13,Georgia,17
11,2021-01-02,15,Hawaii,0
12,2021-01-02,19,Iowa,5
13,2021-01-02,16,Idaho,5
14,2021-01-02,17,Illinois,11
15,2021-01-02,18,Indiana,18
16,2021-01-02,20,Kansas,16
17,2021-01-02,21,Kentucky,9
18,2021-01-02,22,Louisiana,5
19,2021-01-02,25,Massachusetts,7
20,2021-01-02,24,Maryland,14
21,2021-01-02,23,Maine,0
22,2021-01-02,26,Michigan,8
23,2021-01-02,27,Minnesota,0
24,2021-01-02,29,Missouri,8
25,2021-01-02,28,Mississippi,3
26,2021-01-02,30,Montana,0
27,2021-01-02,37,North Carolina,18
28,2021-01-02,38,North Dakota,0
29,2021-01-02,31,Nebraska,0
30,2021-01-02,33,New Hampshire,7
31,2021-01-02,34,New Jersey,17
32,2021-01-02,35,New Mexico,1
33,2021-01-02,32,Nevada,15
34,2021-01-02,36,New York,20
35,2021-01-02,39,Ohio,20
36,2021-01-02,40,Oklahoma,22
37,2021-01-02,41,Oregon,0
38,2021-01-02,42,Pennsylvania,20
39,2021-01-02,72,Puerto Rico,5
40,2021-01-02,44,Rhode Island,0
41,2021-01-02,45,South Carolina,39
42,2021-01-02,46,South Dakota,0
43,2021-01-02,47,Tennessee,30
44,2021-01-02,48,Texas,180
45,2021-01-02,US,US,738
46,2021-01-02,49,Utah,1
47,2021-01-02,51,Virginia,36
48,2021-01-02,78,Virgin Islands,2
49,2021-01-02,50,Vermont,0
50,2021-01-02,53,Washington,0
51,2021-01-02,55,Wisconsin,0
52,2021-01-02,54,West Virginia,7
53,2021-01-02,56,Wyoming,0
54,2021-01-09,02,Alaska,0
55,2021-01-09,01,Alabama,40
56,2021-01-09,05,Arkansas,26
57,2021-01-09,04,Arizona,18
58,2021-01-09,06,California,83
59,2021-01-09,08,Colorado,0
60,2021-01-09,09,Connecticut,1
61,2021-01-09,11,District of Columbia,1
62,2021-01-09,10,Delaware,0
63,2021-01-09,12,Florida,52
64,2021-01-09,13,Georgia,23
65,2021-01-09,15,Hawaii,0
66,2021-01-09,19,Iowa,3
67,2021-01-09,16,Idaho,2
68,2021-01-09,17,Illinois,19
69,2021-01-09,18,Indiana,6
70,2021-01-09,20,Kansas,9
71,2021-01-09,21,Kentucky,7
72,2021-01-09,22,Louisiana,3
73,2021-01-09,25,Massachusetts,3
74,2021-01-09,24,Maryland,11
75,2021-01-09,23,Maine,0
76,2021-01-09,26,Michigan,3
77,2021-01-09,27,Minnesota,1
78,2021-01-09,29,Missouri,18
79,2021-01-09,28,Mississippi,37
80,2021-01-09,30,Montana,0
81,2021-01-09,37,North Carolina,11
82,2021-01-09,38,North Dakota,1
83,2021-01-09,31,Nebraska,2
84,2021-01-09,33,New Hampshire,0
85,2021-01-09,34,New Jersey,14
86,2021-01-09,35,New Mexico,3
87,2021-01-09,32,Nevada,6
88,2021-01-09,36,New York,10
89,2021-01-09,39,Ohio,11
90,2021-01-09,40,Oklahoma,18
91,2021-01-09,41,Oregon,0
92,2021-01-09,42,Pennsylvania,26
93,2021-01-09,72,Puerto Rico,12
94,2021-01-09,44,Rhode Island,0
95,2021-01-09,45,South Carolina,19
96,2021-01-09,46,South Dakota,1
97,2021-01-09,47,Tennessee,22
98,2021-01-09,48,Texas,80
99,2021-01-09,US,US,665
100,2021-01-09,49,Utah,0
101,2021-01-09,51,Virginia,40
102,2021-01-09,78,Virgin Islands,0
103,2021-01-09,50,Vermont,0
104,2021-01-09,53,Washington,2
105,2021-01-09,55,Wisconsin,0
106,2021-01-09,54,West Virginia,21
107,2021-01-09,56,Wyoming,0
108,2021-01-16,02,Alaska,0
109,2021-01-16,01,Alabama,40
110,2021-01-16,05,Arkansas,30
111,2021-01-16,04,Arizona,27
112,2021-01-16,06,California,46
113,2021-01-16,08,Colorado,4
114,2021-01-16,09,Connecticut,1
115,2021-01-16,11,District of Columbia,0
116,2021-01-16,10,Delaware,3
117,2021-01-16,12,Florida,53
118,2021-01-16,13,Georgia,32
119,2021-01-16,15,Hawaii,0
120,2021-01-16,19,Iowa,6
121,2021-01-16,16,Idaho,2
122,2021-01-16,17,Illinois,4
123,2021-01-16,18,Indiana,10
124,2021-01-16,20,Kansas,7
125,2021-01-16,21,Kentucky,7
126,2021-01-16,22,Louisiana,2
127,2021-01-16,25,Massachusetts,3
128,2021-01-16,24,Maryland,3
129,2021-01-16,23,Maine,0
130,2021-01-16,26,Michigan,8
131,2021-01-16,27,Minnesota,1
132,2021-01-16,29,Missouri,12
133,2021-01-16,28,Mississippi,32
134,2021-01-16,30,Montana,0
135,2021-01-16,37,North Carolina,13
136,2021-01-16,38,North Dakota,1
137,2021-01-16,31,Nebraska,2
138,2021-01-16,33,New Hampshire,0
139,2021-01-16,34,New Jersey,6
140,2021-01-16,35,New Mexico,16
141,2021-01-16,32,Nevada,12
142,2021-01-16,36,New York,23
143,2021-01-16,39,Ohio,5
144,2021-01-16,40,Oklahoma,7
145,2021-01-16,41,Oregon,0
146,2021-01-16,42,Pennsylvania,23
147,2021-01-16,72,Puerto Rico,10
148,2021-01-16,44,Rhode Island,0
149,2021-01-16,45,South Carolina,7
150,2021-01-16,46,South Dakota,0
151,2021-01-16,47,Tennessee,27
152,2021-01-16,48,Texas,102
153,2021-01-16,US,US,660
154,2021-01-16,49,Utah,1
155,2021-01-16,51,Virginia,59
156,2021-01-16,78,Virgin Islands,0
157,2021-01-16,50,Vermont,0
158,2021-01-16,53,Washington,0
159,2021-01-16,55,Wisconsin,1
160,2021-01-16,54,West Virginia,0
161,2021-01-16,56,Wyoming,12
162,2021-01-23,02,Alaska,0
163,2021-01-23,01,Alabama,38
164,2021-01-23,05,Arkansas,10
165,2021-01-23,04,Arizona,10
166,2021-01-23,06,California,44
167,2021-01-23,08,Colorado,6
168,2021-01-23,09,Connecticut,0
169,2021-01-23,11,District of Columbia,1
170,2021-01-23,10,Delaware,0
171,2021-01-23,12,Florida,65
172,2021-01-23,13,Georgia,26
173,2021-01-23,15,Hawaii,0
174,2021-01-23,19,Iowa,1
175,2021-01-23,16,Idaho,0
176,2021-01-23,17,Illinois,6
177,2021-01-23,18,Indiana,9
178,2021-01-23,20,Kansas,2
179,2021-01-23,21,Kentucky,9
180,2021-01-23,22,Louisiana,8
181,2021-01-23,25,Massachusetts,3
182,2021-01-23,24,Maryland,4
183,2021-01-23,23,Maine,0
184,2021-01-23,26,Michigan,5
185,2021-01-23,27,Minnesota,0
186,2021-01-23,29,Missouri,13
187,2021-01-23,28,Mississippi,17
188,2021-01-23,30,Montana,0
189,2021-01-23,37,North Carolina,3
190,2021-01-23,38,North Dakota,0
191,2021-01-23,31,Nebraska,1
192,2021-01-23,33,New Hampshire,1
193,2021-01-23,34,New Jersey,14
194,2021-01-23,35,New Mexico,2
195,2021-01-23,32,Nevada,2
196,2021-01-23,36,New York,19
197,2021-01-23,39,Ohio,13
198,2021-01-23,40,Oklahoma,3
199,2021-01-23,41,Oregon,0
200,2021-01-23,42,Pennsylvania,19
201,2021-01-23,72,Puerto Rico,8
202,2021-01-23,44,Rhode Island,0
203,2021-01-23,45,South Carolina,5
204,2021-01-23,46,South Dakota,5
205,2021-01-23,47,Tennessee,25
206,2021-01-23,48,Texas,99
207,2021-01-23,US,US,545
208,2021-01-23,49,Utah,0
209,2021-01-23,51,Virginia,49
210,2021-01-23,78,Virgin Islands,0
211,2021-01-23,50,Vermont,0
212,2021-01-23,53,Washington,0
213,2021-01-23,55,Wisconsin,0
214,2021-01-23,54,West Virginia,0
215,2021-01-23,56,Wyoming,0
216,2021-01-30,02,Alaska,0
217,2021-01-30,01,Alabama,45
218,2021-01-30,05,Arkansas,25
219,2021-01-30,04,Arizona,12
220,2021-01-30,06,California,20
221,2021-01-30,08,Colorado,5
222,2021-01-30,09,Connecticut,0
223,2021-01-30,11,District of Columbia,2
224,2021-01-30,10,Delaware,0
225,2021-01-30,12,Florida,44
226,2021-01-30,13,Georgia,29
227,2021-01-30,15,Hawaii,0
228,2021-01-30,19,Iowa,4
229,2021-01-30,16,Idaho,0
230,2021-01-30,17,Illinois,6
231,2021-01-30,18,Indiana,10
232,2021-01-30,20,Kansas,16
233,2021-01-30,21,Kentucky,21
234,2021-01-30,22,Louisiana,12
235,2021-01-30,25,Massachusetts,1
236,2021-01-30,24,Maryland,3
237,2021-01-30,23,Maine,0
238,2021-01-30,26,Michigan,4
239,2021-01-30,27,Minnesota,12
240,2021-01-30,29,Missouri,13
241,2021-01-30,28,Mississippi,10
242,2021-01-30,30,Montana,0
243,2021-01-30,37,North Carolina,11
244,2021-01-30,38,North Dakota,1
245,2021-01-30,31,Nebraska,1
246,2021-01-30,33,New Hampshire,1
247,2021-01-30,34,New Jersey,11
248,2021-01-30,35,New Mexico,2
249,2021-01-30,32,Nevada,3
250,2021-01-30,36,New York,26
251,2021-01-30,39,Ohio,7
252,2021-01-30,40,Oklahoma,12
253,2021-01-30,41,Oregon,0
254,2021-01-30,42,Pennsylvania,16
255,2021-01-30,72,Puerto Rico,16
256,2021-01-30,44,Rhode Island,0
257,2021-01-30,45,South Carolina,14
258,2021-01-30,46,South Dakota,0
259,2021-01-30,47,Tennessee,32
260,2021-01-30,48,Texas,109
261,2021-01-30,US,US,593
262,2021-01-30,49,Utah,0
263,2021-01-30,51,Virginia,28
264,2021-01-30,78,Virgin Islands,0
265,2021-01-30,50,Vermont,0
266,2021-01-30,53,Washington,0
267,2021-01-30,55,Wisconsin,4
268,2021-01-30,54,West Virginia,5
269,2021-01-30,56,Wyoming,0
270,2021-02-06,02,Alaska,0
271,2021-02-06,01,Alabama,28
272,2021-02-06,05,Arkansas,21
273,2021-02-06,04,Arizona,14
274,2021-02-06,06,California,19
275,2021-02-06,08,Colorado,1
276,2021-02-06,09,Connecticut,0
277,2021-02-06,11,District of Columbia,0
278,2021-02-06,10,Delaware,0
279,2021-02-06,12,Florida,92
280,2021-02-06,13,Georgia,19
281,2021-02-06,15,Hawaii,0
282,2021-02-06,19,Iowa,1
283,2021-02-06,16,Idaho,0
284,2021-02-06,17,Illinois,13
285,2021-02-06,18,Indiana,11
286,2021-02-06,20,Kansas,1
287,2021-02-06,21,Kentucky,6
288,2021-02-06,22,Louisiana,4
289,2021-02-06,25,Massachusetts,2
290,2021-02-06,24,Maryland,0
291,2021-02-06,23,Maine,0
292,2021-02-06,26,Michigan,1
293,2021-02-06,27,Minnesota,0
294,2021-02-06,29,Missouri,6
295,2021-02-06,28,Mississippi,9
296,2021-02-06,30,Montana,0
297,2021-02-06,37,North Carolina,8
298,2021-02-06,38,North Dakota,0
299,2021-02-06,31,Nebraska,1
300,2021-02-06,33,New Hampshire,0
301,2021-02-06,34,New Jersey,9
302,2021-02-06,35,New Mexico,10
303,2021-02-06,32,Nevada,4
304,2021-02-06,36,New York,22
305,2021-02-06,39,Ohio,5
306,2021-02-06,40,Oklahoma,12
307,2021-02-06,41,Oregon,0
308,2021-02-06,42,Pennsylvania,21
309,2021-02-06,72,Puerto Rico,13
310,2021-02-06,44,Rhode Island,0
311,2021-02-06,45,South Carolina,6
312,2021-02-06,46,South Dakota,0
313,2021-02-06,47,Tennessee,43
314,2021-02-06,48,Texas,77
315,2021-02-06,US,US,516
316,2021-02-06,49,Utah,0
317,2021-02-06,51,Virginia,26
318,2021-02-06,78,Virgin Islands,0
319,2021-02-06,50,Vermont,1
320,2021-02-06,53,Washington,0
321,2021-02-06,55,Wisconsin,5
322,2021-02-06,54,West Virginia,5
323,2021-02-06,56,Wyoming,0
324,2021-02-13,02,Alaska,0
325,2021-02-13,01,Alabama,27
326,2021-02-13,05,Arkansas,27
327,2021-02-13,04,Arizona,7
328,2021-02-13,06,California,24
329,2021-02-13,08,Colorado,1
330,2021-02-13,09,Connecticut,0
331,2021-02-13,11,District of Columbia,0
332,2021-02-13,10,Delaware,0
333,2021-02-13,12,Florida,53
334,2021-02-13,13,Georgia,17
335,2021-02-13,15,Hawaii,0
336,2021-02-13,19,Iowa,1
337,2021-02-13,16,Idaho,0
338,2021-02-13,17,Illinois,6
339,2021-02-13,18,Indiana,9
340,2021-02-13,20,Kansas,3
341,2021-02-13,21,Kentucky,7
342,2021-02-13,22,Louisiana,5
343,2021-02-13,25,Massachusetts,1
344,2021-02-13,24,Maryland,12
345,2021-02-13,23,Maine,2
346,2021-02-13,26,Michigan,0
347,2021-02-13,27,Minnesota,1
348,2021-02-13,29,Missouri,13
349,2021-02-13,28,Mississippi,10
350,2021-02-13,30,Montana,0
351,2021-02-13,37,North Carolina,13
352,2021-02-13,38,North Dakota,0
353,2021-02-13,31,Nebraska,0
354,2021-02-13,33,New Hampshire,1
355,2021-02-13,34,New Jersey,14
356,2021-02-13,35,New Mexico,3
357,2021-02-13,32,Nevada,0
358,2021-02-13,36,New York,13
359,2021-02-13,39,Ohio,12
360,2021-02-13,40,Oklahoma,9
361,2021-02-13,41,Oregon,1
362,2021-02-13,42,Pennsylvania,23
363,2021-02-13,72,Puerto Rico,4
364,2021-02-13,44,Rhode Island,0
365,2021-02-13,45,South Carolina,8
366,2021-02-13,46,South Dakota,2
367,2021-02-13,47,Tennessee,32
368,2021-02-13,48,Texas,76
369,2021-02-13,US,US,482
370,2021-02-13,49,Utah,5
371,2021-02-13,51,Virginia,34
372,2021-02-13,78,Virgin Islands,0
373,2021-02-13,50,Vermont,0
374,2021-02-13,53,Washington,1
375,2021-02-13,55,Wisconsin,0
376,2021-02-13,54,West Virginia,5
377,2021-02-13,56,Wyoming,0
378,2021-02-20,02,Alaska,0
379,2021-02-20,01,Alabama,19
380,2021-02-20,05,Arkansas,12
381,2021-02-20,04,Arizona,15
382,2021-02-20,06,California,19
383,2021-02-20,08,Colorado,1
384,2021-02-20,09,Connecticut,0
385,2021-02-20,11,District of Columbia,0
386,2021-02-20,10,Delaware,0
387,2021-02-20,12,Florida,49
388,2021-02-20,13,Georgia,25
389,2021-02-20,15,Hawaii,0
390,2021-02-20,19,Iowa,4
391,2021-02-20,16,Idaho,0
392,2021-02-20,17,Illinois,1
393,2021-02-20,18,Indiana,9
394,2021-02-20,20,Kansas,5
395,2021-02-20,21,Kentucky,5
396,2021-02-20,22,Louisiana,4
397,2021-02-20,25,Massachusetts,3
398,2021-02-20,24,Maryland,1
399,2021-02-20,23,Maine,0
400,2021-02-20,26,Michigan,2
401,2021-02-20,27,Minnesota,5
402,2021-02-20,29,Missouri,20
403,2021-02-20,28,Mississippi,17
404,2021-02-20,30,Montana,0
405,2021-02-20,37,North Carolina,10
406,2021-02-20,38,North Dakota,0
407,2021-02-20,31,Nebraska,5
408,2021-02-20,33,New Hampshire,1
409,2021-02-20,34,New Jersey,14
410,2021-02-20,35,New Mexico,1
411,2021-02-20,32,Nevada,4
412,2021-02-20,36,New York,21
413,2021-02-20,39,Ohio,20
414,2021-02-20,40,Oklahoma,9
415,2021-02-20,41,Oregon,0
416,2021-02-20,42,Pennsylvania,9
417,2021-02-20,72,Puerto Rico,12
418,2021-02-20,44,Rhode Island,0
419,2021-02-20,45,South Carolina,17
420,2021-02-20,46,South Dakota,2
421,2021-02-20,47,Tennessee,15
422,2021-02-20,48,Texas,62
423,2021-02-20,US,US,481
424,2021-02-20,49,Utah,5
425,2021-02-20,51,Virginia,39
426,2021-02-20,78,Virgin Islands,0
427,2021-02-20,50,Vermont,0
428,2021-02-20,53,Washington,2
429,2021-02-20,55,Wisconsin,12
430,2021-02-20,54,West Virginia,5
431,2021-02-20,56,Wyoming,0
432,2021-02-27,02,Alaska,0
433,2021-02-27,01,Alabama,41
434,2021-02-27,05,Arkansas,15
435,2021-02-27,04,Arizona,10
436,2021-02-27,06,California,24
437,2021-02-27,08,Colorado,1
438,2021-02-27,09,Connecticut,0
439,2021-02-27,11,District of Columbia,0
440,2021-02-27,10,Delaware,0
441,2021-02-27,12,Florida,47
442,2021-02-27,13,Georgia,27
443,2021-02-27,15,Hawaii,0
444,2021-02-27,19,Iowa,0
445,2021-02-27,16,Idaho,0
446,2021-02-27,17,Illinois,2
447,2021-02-27,18,Indiana,6
448,2021-02-27,20,Kansas,10
449,2021-02-27,21,Kentucky,35
450,2021-02-27,22,Louisiana,7
451,2021-02-27,25,Massachusetts,2
452,2021-02-27,24,Maryland,5
453,2021-02-27,23,Maine,0
454,2021-02-27,26,Michigan,3
455,2021-02-27,27,Minnesota,8
456,2021-02-27,29,Missouri,13
457,2021-02-27,28,Mississippi,6
458,2021-02-27,30,Montana,1
459,2021-02-27,37,North Carolina,5
460,2021-02-27,38,North Dakota,0
461,2021-02-27,31,Nebraska,6
462,2021-02-27,33,New Hampshire,0
463,2021-02-27,34,New Jersey,10
464,2021-02-27,35,New Mexico,2
465,2021-02-27,32,Nevada,7
466,2021-02-27,36,New York,13
467,2021-02-27,39,Ohio,17
468,2021-02-27,40,Oklahoma,13
469,2021-02-27,41,Oregon,1
470,2021-02-27,42,Pennsylvania,12
471,2021-02-27,72,Puerto Rico,5
472,2021-02-27,44,Rhode Island,0
473,2021-02-27,45,South Carolina,14
474,2021-02-27,46,South Dakota,0
475,2021-02-27,47,Tennessee,12
476,2021-02-27,48,Texas,80
477,2021-02-27,US,US,498
478,2021-02-27,49,Utah,0
479,2021-02-27,51,Virginia,28
480,2021-02-27,78,Virgin Islands,0
481,2021-02-27,50,Vermont,0
482,2021-02-27,53,Washington,3
483,2021-02-27,55,Wisconsin,2
484,2021-02-27,54,West Virginia,5
485,2021-02-27,56,Wyoming,0
486,2021-03-06,02,Alaska,0
487,2021-03-06,01,Alabama,20
488,2021-03-06,05,Arkansas,19
489,2021-03-06,04,Arizona,29
490,2021-03-06,06,California,16
491,2021-03-06,08,Colorado,8
492,2021-03-06,09,Connecticut,0
493,2021-03-06,11,District of Columbia,0
494,2021-03-06,10,Delaware,0
495,2021-03-06,12,Florida,53
496,2021-03-06,13,Georgia,16
497,2021-03-06,15,Hawaii,0
498,2021-03-06,19,Iowa,0
499,2021-03-06,16,Idaho,0
500,2021-03-06,17,Illinois,2
501,2021-03-06,18,Indiana,3
502,2021-03-06,20,Kansas,5
503,2021-03-06,21,Kentucky,19
504,2021-03-06,22,Louisiana,8
505,2021-03-06,25,Massachusetts,2
506,2021-03-06,24,Maryland,2
507,2021-03-06,23,Maine,2
508,2021-03-06,26,Michigan,4
509,2021-03-06,27,Minnesota,18
510,2021-03-06,29,Missouri,7
511,2021-03-06,28,Mississippi,12
512,2021-03-06,30,Montana,0
513,2021-03-06,37,North Carolina,2
514,2021-03-06,38,North Dakota,0
515,2021-03-06,31,Nebraska,2
516,2021-03-06,33,New Hampshire,0
517,2021-03-06,34,New Jersey,6
518,2021-03-06,35,New Mexico,0
519,2021-03-06,32,Nevada,8
520,2021-03-06,36,New York,15
521,2021-03-06,39,Ohio,13
522,2021-03-06,40,Oklahoma,15
523,2021-03-06,41,Oregon,0
524,2021-03-06,42,Pennsylvania,6
525,2021-03-06,72,Puerto Rico,18
526,2021-03-06,44,Rhode Island,0
527,2021-03-06,45,South Carolina,16
528,2021-03-06,46,South Dakota,0
529,2021-03-06,47,Tennessee,23
530,2021-03-06,48,Texas,36
531,2021-03-06,US,US,466
532,2021-03-06,49,Utah,0
533,2021-03-06,51,Virginia,49
534,2021-03-06,78,Virgin Islands,0
535,2021-03-06,50,Vermont,0
536,2021-03-06,53,Washington,5
537,2021-03-06,55,Wisconsin,1
538,2021-03-06,54,West Virginia,6
539,2021-03-06,56,Wyoming,0
540,2021-03-13,02,Alaska,0
541,2021-03-13,01,Alabama,19
542,2021-03-13,05,Arkansas,22
543,2021-03-13,04,Arizona,10
544,2021-03-13,06,California,18
545,2021-03-13,08,Colorado,1
546,2021-03-13,09,Connecticut,0
547,2021-03-13,11,District of Columbia,0
548,2021-03-13,10,Delaware,0
549,2021-03-13,12,Florida,51
550,2021-03-13,13,Georgia,20
551,2021-03-13,15,Hawaii,0
552,2021-03-13,19,Iowa,2
553,2021-03-13,16,Idaho,1
554,2021-03-13,17,Illinois,0
555,2021-03-13,18,Indiana,18
556,2021-03-13,20,Kansas,21
557,2021-03-13,21,Kentucky,3
558,2021-03-13,22,Louisiana,4
559,2021-03-13,25,Massachusetts,7
560,2021-03-13,24,Maryland,2
561,2021-03-13,23,Maine,0
562,2021-03-13,26,Michigan,1
563,2021-03-13,27,Minnesota,7
564,2021-03-13,29,Missouri,1
565,2021-03-13,28,Mississippi,19
566,2021-03-13,30,Montana,0
567,2021-03-13,37,North Carolina,5
568,2021-03-13,38,North Dakota,0
569,2021-03-13,31,Nebraska,2
570,2021-03-13,33,New Hampshire,0
571,2021-03-13,34,New Jersey,10
572,2021-03-13,35,New Mexico,0
573,2021-03-13,32,Nevada,3
574,2021-03-13,36,New York,14
575,2021-03-13,39,Ohio,11
576,2021-03-13,40,Oklahoma,3
577,2021-03-13,41,Oregon,0
578,2021-03-13,42,Pennsylvania,11
579,2021-03-13,72,Puerto Rico,18
580,2021-03-13,44,Rhode Island,0
581,2021-03-13,45,South Carolina,6
582,2021-03-13,46,South Dakota,0
583,2021-03-13,47,Tennessee,24
584,2021-03-13,48,Texas,79
585,2021-03-13,US,US,425
586,2021-03-13,49,Utah,0
587,2021-03-13,51,Virginia,9
588,2021-03-13,78,Virgin Islands,0
589,2021-03-13,50,Vermont,0
590,2021-03-13,53,Washington,1
591,2021-03-13,55,Wisconsin,1
592,2021-03-13,54,West Virginia,0
593,2021-03-13,56,Wyoming,1
594,2021-03-20,02,Alaska,0
595,2021-03-20,01,Alabama,22
596,2021-03-20,05,Arkansas,14
597,2021-03-20,04,Arizona,14
598,2021-03-20,06,California,13
599,2021-03-20,08,Colorado,5
600,2021-03-20,09,Connecticut,0
601,2021-03-20,11,District of Columbia,0
602,2021-03-20,10,Delaware,0
603,2021-03-20,12,Florida,82
604,2021-03-20,13,Georgia,32
605,2021-03-20,15,Hawaii,0
606,2021-03-20,19,Iowa,0
607,2021-03-20,16,Idaho,3
608,2021-03-20,17,Illinois,0
609,2021-03-20,18,Indiana,8
610,2021-03-20,20,Kansas,0
611,2021-03-20,21,Kentucky,7
612,2021-03-20,22,Louisiana,1
613,2021-03-20,25,Massachusetts,3
614,2021-03-20,24,Maryland,1
615,2021-03-20,23,Maine,1
616,2021-03-20,26,Michigan,0
617,2021-03-20,27,Minnesota,0
618,2021-03-20,29,Missouri,12
619,2021-03-20,28,Mississippi,8
620,2021-03-20,30,Montana,0
621,2021-03-20,37,North Carolina,5
622,2021-03-20,38,North Dakota,0
623,2021-03-20,31,Nebraska,0
624,2021-03-20,33,New Hampshire,0
625,2021-03-20,34,New Jersey,18
626,2021-03-20,35,New Mexico,1
627,2021-03-20,32,Nevada,7
628,2021-03-20,36,New York,13
629,2021-03-20,39,Ohio,4
630,2021-03-20,40,Oklahoma,9
631,2021-03-20,41,Oregon,0
632,2021-03-20,42,Pennsylvania,17
633,2021-03-20,72,Puerto Rico,19
634,2021-03-20,44,Rhode Island,0
635,2021-03-20,45,South Carolina,9
636,2021-03-20,46,South Dakota,0
637,2021-03-20,47,Tennessee,23
638,2021-03-20,48,Texas,34
639,2021-03-20,US,US,416
640,2021-03-20,49,Utah,0
641,2021-03-20,51,Virginia,25
642,2021-03-20,78,Virgin Islands,0
643,2021-03-20,50,Vermont,0
644,2021-03-20,53,Washington,3
645,2021-03-20,55,Wisconsin,2
646,2021-03-20,54,West Virginia,0
647,2021-03-20,56,Wyoming,1
648,2021-03-27,02,Alaska,0
649,2021-03-27,01,Alabama,17
650,2021-03-27,05,Arkansas,17
651,2021-03-27,04,Arizona,5
652,2021-03-27,06,California,13
653,2021-03-27,08,Colorado,1
654,2021-03-27,09,Connecticut,0
655,2021-03-27,11,District of Columbia,0
656,2021-03-27,10,Delaware,0
657,2021-03-27,12,Florida,78
658,2021-03-27,13,Georgia,20
659,2021-03-27,15,Hawaii,0
660,2021-03-27,19,Iowa,10
661,2021-03-27,16,Idaho,0
662,2021-03-27,17,Illinois,2
663,2021-03-27,18,Indiana,8
664,2021-03-27,20,Kansas,2
665,2021-03-27,21,Kentucky,6
666,2021-03-27,22,Louisiana,5
667,2021-03-27,25,Massachusetts,0
668,2021-03-27,24,Maryland,0
669,2021-03-27,23,Maine,0
670,2021-03-27,26,Michigan,1
671,2021-03-27,27,Minnesota,0
672,2021-03-27,29,Missouri,2
673,2021-03-27,28,Mississippi,8
674,2021-03-27,30,Montana,0
675,2021-03-27,37,North Carolina,3
676,2021-03-27,38,North Dakota,0
677,2021-03-27,31,Nebraska,1
678,2021-03-27,33,New Hampshire,1
679,2021-03-27,34,New Jersey,6
680,2021-03-27,35,New Mexico,0
681,2021-03-27,32,Nevada,1
682,2021-03-27,36,New York,15
683,2021-03-27,39,Ohio,13
684,2021-03-27,40,Oklahoma,7
685,2021-03-27,41,Oregon,0
686,2021-03-27,42,Pennsylvania,9
687,2021-03-27,72,Puerto Rico,17
688,2021-03-27,44,Rhode Island,0
689,2021-03-27,45,South Carolina,21
690,2021-03-27,46,South Dakota,5
691,2021-03-27,47,Tennessee,23
692,2021-03-27,48,Texas,33
693,2021-03-27,US,US,385
694,2021-03-27,49,Utah,1
695,2021-03-27,51,Virginia,29
696,2021-03-27,78,Virgin Islands,0
697,2021-03-27,50,Vermont,0
698,2021-03-27,53,Washington,1
699,2021-03-27,55,Wisconsin,1
700,2021-03-27,54,West Virginia,0
701,2021-03-27,56,Wyoming,3
702,2021-04-03,02,Alaska,0
703,2021-04-03,01,Alabama,11
704,2021-04-03,05,Arkansas,10
705,2021-04-03,04,Arizona,11
706,2021-04-03,06,California,5
707,2021-04-03,08,Colorado,0
708,2021-04-03,09,Connecticut,0
709,2021-04-03,11,District of Columbia,0
710,2021-04-03,10,Delaware,0
711,2021-04-03,12,Florida,49
712,2021-04-03,13,Georgia,16
713,2021-04-03,15,Hawaii,0
714,2021-04-03,19,Iowa,3
715,2021-04-03,16,Idaho,0
716,2021-04-03,17,Illinois,17
717,2021-04-03,18,Indiana,56
718,2021-04-03,20,Kansas,6
719,2021-04-03,21,Kentucky,2
720,2021-04-03,22,Louisiana,3
721,2021-04-03,25,Massachusetts,4
722,2021-04-03,24,Maryland,1
723,2021-04-03,23,Maine,0
724,2021-04-03,26,Michigan,1
725,2021-04-03,27,Minnesota,0
726,2021-04-03,29,Missouri,3
727,2021-04-03,28,Mississippi,7
728,2021-04-03,30,Montana,0
729,2021-04-03,37,North Carolina,0
730,2021-04-03,38,North Dakota,0
731,2021-04-03,31,Nebraska,2
732,2021-04-03,33,New Hampshire,0
733,2021-04-03,34,New Jersey,11
734,2021-04-03,35,New Mexico,0
735,2021-04-03,32,Nevada,3
736,2021-04-03,36,New York,25
737,2021-04-03,39,Ohio,7
738,2021-04-03,40,Oklahoma,13
739,2021-04-03,41,Oregon,0
740,2021-04-03,42,Pennsylvania,11
741,2021-04-03,72,Puerto Rico,8
742,2021-04-03,44,Rhode Island,0
743,2021-04-03,45,South Carolina,6
744,2021-04-03,46,South Dakota,0
745,2021-04-03,47,Tennessee,23
746,2021-04-03,48,Texas,34
747,2021-04-03,US,US,369
748,2021-04-03,49,Utah,0
749,2021-04-03,51,Virginia,18
750,2021-04-03,78,Virgin Islands,0
751,2021-04-03,50,Vermont,1
752,2021-04-03,53,Washington,1
753,2021-04-03,55,Wisconsin,1
754,2021-04-03,54,West Virginia,0
755,2021-04-03,56,Wyoming,0
756,2021-04-10,02,Alaska,0
757,2021-04-10,01,Alabama,18
758,2021-04-10,05,Arkansas,20
759,2021-04-10,04,Arizona,6
760,2021-04-10,06,California,9
761,2021-04-10,08,Colorado,1
762,2021-04-10,09,Connecticut,0
763,2021-04-10,11,District of Columbia,0
764,2021-04-10,10,Delaware,0
765,2021-04-10,12,Florida,50
766,2021-04-10,13,Georgia,18
767,2021-04-10,15,Hawaii,0
768,2021-04-10,19,Iowa,11
769,2021-04-10,16,Idaho,6
770,2021-04-10,17,Illinois,13
771,2021-04-10,18,Indiana,13
772,2021-04-10,20,Kansas,7
773,2021-04-10,21,Kentucky,6
774,2021-04-10,22,Louisiana,8
775,2021-04-10,25,Massachusetts,7
776,2021-04-10,24,Maryland,2
777,2021-04-10,23,Maine,5
778,2021-04-10,26,Michigan,7
779,2021-04-10,27,Minnesota,0
780,2021-04-10,29,Missouri,9
781,2021-04-10,28,Mississippi,14
782,2021-04-10,30,Montana,2
783,2021-04-10,37,North Carolina,8
784,2021-04-10,38,North Dakota,1
785,2021-04-10,31,Nebraska,0
786,2021-04-10,33,New Hampshire,1
787,2021-04-10,34,New Jersey,8
788,2021-04-10,35,New Mexico,8
789,2021-04-10,32,Nevada,1
790,2021-04-10,36,New York,27
791,2021-04-10,39,Ohio,0
792,2021-04-10,40,Oklahoma,13
793,2021-04-10,41,Oregon,0
794,2021-04-10,42,Pennsylvania,17
795,2021-04-10,72,Puerto Rico,16
796,2021-04-10,44,Rhode Island,0
797,2021-04-10,45,South Carolina,3
798,2021-04-10,46,South Dakota,0
799,2021-04-10,47,Tennessee,19
800,2021-04-10,48,Texas,32
801,2021-04-10,US,US,442
802,2021-04-10,49,Utah,0
803,2021-04-10,51,Virginia,40
804,2021-04-10,78,Virgin Islands,0
805,2021-04-10,50,Vermont,0
806,2021-04-10,53,Washington,1
807,2021-04-10,55,Wisconsin,0
808,2021-04-10,54,West Virginia,15
809,2021-04-10,56,Wyoming,0
810,2021-04-17,02,Alaska,4
811,2021-04-17,01,Alabama,19
812,2021-04-17,05,Arkansas,26
813,2021-04-17,04,Arizona,7
814,2021-04-17,06,California,10
815,2021-04-17,08,Colorado,0
816,2021-04-17,09,Connecticut,0
817,2021-04-17,11,District of Columbia,0
818,2021-04-17,10,Delaware,1
819,2021-04-17,12,Florida,73
820,2021-04-17,13,Georgia,21
821,2021-04-17,15,Hawaii,0
822,2021-04-17,19,Iowa,4
823,2021-04-17,16,Idaho,0
824,2021-04-17,17,Illinois,7
825,2021-04-17,18,Indiana,13
826,2021-04-17,20,Kansas,7
827,2021-04-17,21,Kentucky,3
828,2021-04-17,22,Louisiana,1
829,2021-04-17,25,Massachusetts,0
830,2021-04-17,24,Maryland,1
831,2021-04-17,23,Maine,0
832,2021-04-17,26,Michigan,13
833,2021-04-17,27,Minnesota,1
834,2021-04-17,29,Missouri,11
835,2021-04-17,28,Mississippi,2
836,2021-04-17,30,Montana,0
837,2021-04-17,37,North Carolina,15
838,2021-04-17,38,North Dakota,0
839,2021-04-17,31,Nebraska,0
840,2021-04-17,33,New Hampshire,1
841,2021-04-17,34,New Jersey,11
842,2021-04-17,35,New Mexico,0
843,2021-04-17,32,Nevada,5
844,2021-04-17,36,New York,20
845,2021-04-17,39,Ohio,10
846,2021-04-17,40,Oklahoma,7
847,2021-04-17,41,Oregon,0
848,2021-04-17,42,Pennsylvania,13
849,2021-04-17,72,Puerto Rico,14
850,2021-04-17,44,Rhode Island,0
851,2021-04-17,45,South Carolina,20
852,2021-04-17,46,South Dakota,1
853,2021-04-17,47,Tennessee,25
854,2021-04-17,48,Texas,25
855,2021-04-17,US,US,417
856,2021-04-17,49,Utah,0
857,2021-04-17,51,Virginia,26
858,2021-04-17,78,Virgin Islands,0
859,2021-04-17,50,Vermont,0
860,2021-04-17,53,Washington,0
861,2021-04-17,55,Wisconsin,0
862,2021-04-17,54,West Virginia,0
863,2021-04-17,56,Wyoming,0
864,2021-04-24,02,Alaska,7
865,2021-04-24,01,Alabama,32
866,2021-04-24,05,Arkansas,24
867,2021-04-24,04,Arizona,3
868,2021-04-24,06,California,19
869,2021-04-24,08,Colorado,1
870,2021-04-24,09,Connecticut,0
871,2021-04-24,11,District of Columbia,0
872,2021-04-24,10,Delaware,1
873,2021-04-24,12,Florida,55
874,2021-04-24,13,Georgia,15
875,2021-04-24,15,Hawaii,0
876,2021-04-24,19,Iowa,1
877,2021-04-24,16,Idaho,0
878,2021-04-24,17,Illinois,6
879,2021-04-24,18,Indiana,15
880,2021-04-24,20,Kansas,9
881,2021-04-24,21,Kentucky,3
882,2021-04-24,22,Louisiana,7
883,2021-04-24,25,Massachusetts,1
884,2021-04-24,24,Maryland,0
885,2021-04-24,23,Maine,0
886,2021-04-24,26,Michigan,11
887,2021-04-24,27,Minnesota,0
888,2021-04-24,29,Missouri,13
889,2021-04-24,28,Mississippi,10
890,2021-04-24,30,Montana,0
891,2021-04-24,37,North Carolina,61
892,2021-04-24,38,North Dakota,0
893,2021-04-24,31,Nebraska,0
894,2021-04-24,33,New Hampshire,1
895,2021-04-24,34,New Jersey,14
896,2021-04-24,35,New Mexico,0
897,2021-04-24,32,Nevada,5
898,2021-04-24,36,New York,20
899,2021-04-24,39,Ohio,3
900,2021-04-24,40,Oklahoma,6
901,2021-04-24,41,Oregon,0
902,2021-04-24,42,Pennsylvania,10
903,2021-04-24,72,Puerto Rico,15
904,2021-04-24,44,Rhode Island,0
905,2021-04-24,45,South Carolina,7
906,2021-04-24,46,South Dakota,6
907,2021-04-24,47,Tennessee,17
908,2021-04-24,48,Texas,34
909,2021-04-24,US,US,493
910,2021-04-24,49,Utah,0
911,2021-04-24,51,Virginia,57
912,2021-04-24,78,Virgin Islands,0
913,2021-04-24,50,Vermont,0
914,2021-04-24,53,Washington,2
915,2021-04-24,55,Wisconsin,1
916,2021-04-24,54,West Virginia,1
917,2021-04-24,56,Wyoming,0
918,2021-05-01,02,Alaska,7
919,2021-05-01,01,Alabama,19
920,2021-05-01,05,Arkansas,15
921,2021-05-01,04,Arizona,21
922,2021-05-01,06,California,9
923,2021-05-01,08,Colorado,0
924,2021-05-01,09,Connecticut,0
925,2021-05-01,11,District of Columbia,0
926,2021-05-01,10,Delaware,0
927,2021-05-01,12,Florida,36
928,2021-05-01,13,Georgia,9
929,2021-05-01,15,Hawaii,0
930,2021-05-01,19,Iowa,3
931,2021-05-01,16,Idaho,0
932,2021-05-01,17,Illinois,3
933,2021-05-01,18,Indiana,8
934,2021-05-01,20,Kansas,5
935,2021-05-01,21,Kentucky,3
936,2021-05-01,22,Louisiana,3
937,2021-05-01,25,Massachusetts,2
938,2021-05-01,24,Maryland,0
939,2021-05-01,23,Maine,0
940,2021-05-01,26,Michigan,3
941,2021-05-01,27,Minnesota,2
942,2021-05-01,29,Missouri,6
943,2021-05-01,28,Mississippi,3
944,2021-05-01,30,Montana,0
945,2021-05-01,37,North Carolina,105
946,2021-05-01,38,North Dakota,0
947,2021-05-01,31,Nebraska,0
948,2021-05-01,33,New Hampshire,0
949,2021-05-01,34,New Jersey,5
950,2021-05-01,35,New Mexico,0
951,2021-05-01,32,Nevada,6
952,2021-05-01,36,New York,17
953,2021-05-01,39,Ohio,2
954,2021-05-01,40,Oklahoma,4
955,2021-05-01,41,Oregon,1
956,2021-05-01,42,Pennsylvania,9
957,2021-05-01,72,Puerto Rico,29
958,2021-05-01,44,Rhode Island,0
959,2021-05-01,45,South Carolina,3
960,2021-05-01,46,South Dakota,3
961,2021-05-01,47,Tennessee,13
962,2021-05-01,48,Texas,30
963,2021-05-01,US,US,425
964,2021-05-01,49,Utah,1
965,2021-05-01,51,Virginia,30
966,2021-05-01,78,Virgin Islands,0
967,2021-05-01,50,Vermont,0
968,2021-05-01,53,Washington,1
969,2021-05-01,55,Wisconsin,4
970,2021-05-01,54,West Virginia,5
971,2021-05-01,56,Wyoming,0
972,2021-05-08,02,Alaska,7
973,2021-05-08,01,Alabama,9
974,2021-05-08,05,Arkansas,6
975,2021-05-08,04,Arizona,8
976,2021-05-08,06,California,15
977,2021-05-08,08,Colorado,0
978,2021-05-08,09,Connecticut,1
979,2021-05-08,11,District of Columbia,0
980,2021-05-08,10,Delaware,0
981,2021-05-08,12,Florida,51
982,2021-05-08,13,Georgia,22
983,2021-05-08,15,Hawaii,0
984,2021-05-08,19,Iowa,1
985,2021-05-08,16,Idaho,0
986,2021-05-08,17,Illinois,2
987,2021-05-08,18,Indiana,2
988,2021-05-08,20,Kansas,9
989,2021-05-08,21,Kentucky,2
990,2021-05-08,22,Louisiana,3
991,2021-05-08,25,Massachusetts,1
992,2021-05-08,24,Maryland,6
993,2021-05-08,23,Maine,1
994,2021-05-08,26,Michigan,1
995,2021-05-08,27,Minnesota,1
996,2021-05-08,29,Missouri,3
997,2021-05-08,28,Mississippi,10
998,2021-05-08,30,Montana,0
999,2021-05-08,37,North Carolina,30
1000,2021-05-08,38,North Dakota,0
1001,2021-05-08,31,Nebraska,0
1002,2021-05-08,33,New Hampshire,3
1003,2021-05-08,34,New Jersey,8
1004,2021-05-08,35,New Mexico,0
1005,2021-05-08,32,Nevada,2
1006,2021-05-08,36,New York,11
1007,2021-05-08,39,Ohio,1
1008,2021-05-08,40,Oklahoma,15
1009,2021-05-08,41,Oregon,0
1010,2021-05-08,42,Pennsylvania,18
1011,2021-05-08,72,Puerto Rico,18
1012,2021-05-08,44,Rhode Island,0
1013,2021-05-08,45,South Carolina,7
1014,2021-05-08,46,South Dakota,3
1015,2021-05-08,47,Tennessee,13
1016,2021-05-08,48,Texas,26
1017,2021-05-08,US,US,344
1018,2021-05-08,49,Utah,0
1019,2021-05-08,51,Virginia,25
1020,2021-05-08,78,Virgin Islands,0
1021,2021-05-08,50,Vermont,0
1022,2021-05-08,53,Washington,1
1023,2021-05-08,55,Wisconsin,0
1024,2021-05-08,54,West Virginia,1
1025,2021-05-08,56,Wyoming,1
1026,2021-05-15,02,Alaska,7
1027,2021-05-15,01,Alabama,19
1028,2021-05-15,05,Arkansas,4
1029,2021-05-15,04,Arizona,13
1030,2021-05-15,06,California,8
1031,2021-05-15,08,Colorado,5
1032,2021-05-15,09,Connecticut,0
1033,2021-05-15,11,District of Columbia,0
1034,2021-05-15,10,Delaware,0
1035,2021-05-15,12,Florida,42
1036,2021-05-15,13,Georgia,4
1037,2021-05-15,15,Hawaii,0
1038,2021-05-15,19,Iowa,0
1039,2021-05-15,16,Idaho,0
1040,2021-05-15,17,Illinois,2
1041,2021-05-15,18,Indiana,4
1042,2021-05-15,20,Kansas,0
1043,2021-05-15,21,Kentucky,1
1044,2021-05-15,22,Louisiana,1
1045,2021-05-15,25,Massachusetts,0
1046,2021-05-15,24,Maryland,2
1047,2021-05-15,23,Maine,0
1048,2021-05-15,26,Michigan,3
1049,2021-05-15,27,Minnesota,0
1050,2021-05-15,29,Missouri,6
1051,2021-05-15,28,Mississippi,12
1052,2021-05-15,30,Montana,0
1053,2021-05-15,37,North Carolina,13
1054,2021-05-15,38,North Dakota,1
1055,2021-05-15,31,Nebraska,0
1056,2021-05-15,33,New Hampshire,0
1057,2021-05-15,34,New Jersey,28
1058,2021-05-15,35,New Mexico,0
1059,2021-05-15,32,Nevada,1
1060,2021-05-15,36,New York,19
1061,2021-05-15,39,Ohio,2
1062,2021-05-15,40,Oklahoma,7
1063,2021-05-15,41,Oregon,0
1064,2021-05-15,42,Pennsylvania,9
1065,2021-05-15,72,Puerto Rico,12
1066,2021-05-15,44,Rhode Island,0
1067,2021-05-15,45,South Carolina,4
1068,2021-05-15,46,South Dakota,1
1069,2021-05-15,47,Tennessee,25
1070,2021-05-15,48,Texas,29
1071,2021-05-15,US,US,321
1072,2021-05-15,49,Utah,6
1073,2021-05-15,51,Virginia,21
1074,2021-05-15,78,Virgin Islands,0
1075,2021-05-15,50,Vermont,0
1076,2021-05-15,53,Washington,7
1077,2021-05-15,55,Wisconsin,1
1078,2021-05-15,54,West Virginia,2
1079,2021-05-15,56,Wyoming,0
1080,2021-05-22,02,Alaska,7
1081,2021-05-22,01,Alabama,15
1082,2021-05-22,05,Arkansas,8
1083,2021-05-22,04,Arizona,3
1084,2021-05-22,06,California,12
1085,2021-05-22,08,Colorado,6
1086,2021-05-22,09,Connecticut,0
1087,2021-05-22,11,District of Columbia,0
1088,2021-05-22,10,Delaware,0
1089,2021-05-22,12,Florida,41
1090,2021-05-22,13,Georgia,15
1091,2021-05-22,15,Hawaii,0
1092,2021-05-22,19,Iowa,1
1093,2021-05-22,16,Idaho,0
1094,2021-05-22,17,Illinois,7
1095,2021-05-22,18,Indiana,9
1096,2021-05-22,20,Kansas,7
1097,2021-05-22,21,Kentucky,12
1098,2021-05-22,22,Louisiana,4
1099,2021-05-22,25,Massachusetts,0
1100,2021-05-22,24,Maryland,0
1101,2021-05-22,23,Maine,0
1102,2021-05-22,26,Michigan,0
1103,2021-05-22,27,Minnesota,0
1104,2021-05-22,29,Missouri,2
1105,2021-05-22,28,Mississippi,16
1106,2021-05-22,30,Montana,0
1107,2021-05-22,37,North Carolina,11
1108,2021-05-22,38,North Dakota,0
1109,2021-05-22,31,Nebraska,3
1110,2021-05-22,33,New Hampshire,0
1111,2021-05-22,34,New Jersey,4
1112,2021-05-22,35,New Mexico,1
1113,2021-05-22,32,Nevada,0
1114,2021-05-22,36,New York,14
1115,2021-05-22,39,Ohio,1
1116,2021-05-22,40,Oklahoma,8
1117,2021-05-22,41,Oregon,0
1118,2021-05-22,42,Pennsylvania,14
1119,2021-05-22,72,Puerto Rico,17
1120,2021-05-22,44,Rhode Island,0
1121,2021-05-22,45,South Carolina,7
1122,2021-05-22,46,South Dakota,0
1123,2021-05-22,47,Tennessee,7
1124,2021-05-22,48,Texas,29
1125,2021-05-22,US,US,301
1126,2021-05-22,49,Utah,0
1127,2021-05-22,51,Virginia,11
1128,2021-05-22,78,Virgin Islands,0
1129,2021-05-22,50,Vermont,0
1130,2021-05-22,53,Washington,1
1131,2021-05-22,55,Wisconsin,0
1132,2021-05-22,54,West Virginia,6
1133,2021-05-22,56,Wyoming,2
1134,2021-05-29,02,Alaska,8
1135,2021-05-29,01,Alabama,16
1136,2021-05-29,05,Arkansas,12
1137,2021-05-29,04,Arizona,6
1138,2021-05-29,06,California,13
1139,2021-05-29,08,Colorado,1
1140,2021-05-29,09,Connecticut,0
1141,2021-05-29,11,District of Columbia,0
1142,2021-05-29,10,Delaware,0
1143,2021-05-29,12,Florida,37
1144,2021-05-29,13,Georgia,7
1145,2021-05-29,15,Hawaii,0
1146,2021-05-29,19,Iowa,1
1147,2021-05-29,16,Idaho,0
1148,2021-05-29,17,Illinois,2
1149,2021-05-29,18,Indiana,2
1150,2021-05-29,20,Kansas,0
1151,2021-05-29,21,Kentucky,5
1152,2021-05-29,22,Louisiana,7
1153,2021-05-29,25,Massachusetts,0
1154,2021-05-29,24,Maryland,0
1155,2021-05-29,23,Maine,0
1156,2021-05-29,26,Michigan,2
1157,2021-05-29,27,Minnesota,0
1158,2021-05-29,29,Missouri,3
1159,2021-05-29,28,Mississippi,10
1160,2021-05-29,30,Montana,0
1161,2021-05-29,37,North Carolina,6
1162,2021-05-29,38,North Dakota,1
1163,2021-05-29,31,Nebraska,0
1164,2021-05-29,33,New Hampshire,0
1165,2021-05-29,34,New Jersey,3
1166,2021-05-29,35,New Mexico,0
1167,2021-05-29,32,Nevada,1
1168,2021-05-29,36,New York,16
1169,2021-05-29,39,Ohio,3
1170,2021-05-29,40,Oklahoma,20
1171,2021-05-29,41,Oregon,1
1172,2021-05-29,42,Pennsylvania,26
1173,2021-05-29,72,Puerto Rico,6
1174,2021-05-29,44,Rhode Island,0
1175,2021-05-29,45,South Carolina,10
1176,2021-05-29,46,South Dakota,2
1177,2021-05-29,47,Tennessee,6
1178,2021-05-29,48,Texas,26
1179,2021-05-29,US,US,295
1180,2021-05-29,49,Utah,0
1181,2021-05-29,51,Virginia,27
1182,2021-05-29,78,Virgin Islands,0
1183,2021-05-29,50,Vermont,0
1184,2021-05-29,53,Washington,0
1185,2021-05-29,55,Wisconsin,4
1186,2021-05-29,54,West Virginia,5
1187,2021-05-29,56,Wyoming,0
1188,2021-06-05,02,Alaska,7
1189,2021-06-05,01,Alabama,20
1190,2021-06-05,05,Arkansas,7
1191,2021-06-05,04,Arizona,13
1192,2021-06-05,06,California,7
1193,2021-06-05,08,Colorado,0
1194,2021-06-05,09,Connecticut,0
1195,2021-06-05,11,District of Columbia,0
1196,2021-06-05,10,Delaware,0
1197,2021-06-05,12,Florida,29
1198,2021-06-05,13,Georgia,12
1199,2021-06-05,15,Hawaii,0
1200,2021-06-05,19,Iowa,0
1201,2021-06-05,16,Idaho,1
1202,2021-06-05,17,Illinois,3
1203,2021-06-05,18,Indiana,9
1204,2021-06-05,20,Kansas,0
1205,2021-06-05,21,Kentucky,4
1206,2021-06-05,22,Louisiana,9
1207,2021-06-05,25,Massachusetts,0
1208,2021-06-05,24,Maryland,0
1209,2021-06-05,23,Maine,0
1210,2021-06-05,26,Michigan,1
1211,2021-06-05,27,Minnesota,0
1212,2021-06-05,29,Missouri,0
1213,2021-06-05,28,Mississippi,10
1214,2021-06-05,30,Montana,0
1215,2021-06-05,37,North Carolina,6
1216,2021-06-05,38,North Dakota,0
1217,2021-06-05,31,Nebraska,0
1218,2021-06-05,33,New Hampshire,0
1219,2021-06-05,34,New Jersey,2
1220,2021-06-05,35,New Mexico,9
1221,2021-06-05,32,Nevada,0
1222,2021-06-05,36,New York,14
1223,2021-06-05,39,Ohio,0
1224,2021-06-05,40,Oklahoma,10
1225,2021-06-05,41,Oregon,0
1226,2021-06-05,42,Pennsylvania,11
1227,2021-06-05,72,Puerto Rico,10
1228,2021-06-05,44,Rhode Island,0
1229,2021-06-05,45,South Carolina,17
1230,2021-06-05,46,South Dakota,0
1231,2021-06-05,47,Tennessee,25
1232,2021-06-05,48,Texas,32
1233,2021-06-05,US,US,286
1234,2021-06-05,49,Utah,0
1235,2021-06-05,51,Virginia,17
1236,2021-06-05,78,Virgin Islands,0
1237,2021-06-05,50,Vermont,0
1238,2021-06-05,53,Washington,0
1239,2021-06-05,55,Wisconsin,1
1240,2021-06-05,54,West Virginia,0
1241,2021-06-05,56,Wyoming,0
1242,2021-06-12,02,Alaska,7
1243,2021-06-12,01,Alabama,19
1244,2021-06-12,05,Arkansas,7
1245,2021-06-12,04,Arizona,3
1246,2021-06-12,06,California,4
1247,2021-06-12,08,Colorado,0
1248,2021-06-12,09,Connecticut,0
1249,2021-06-12,11,District of Columbia,0
1250,2021-06-12,10,Delaware,0
1251,2021-06-12,12,Florida,16
1252,2021-06-12,13,Georgia,6
1253,2021-06-12,15,Hawaii,0
1254,2021-06-12,19,Iowa,1
1255,2021-06-12,16,Idaho,0
1256,2021-06-12,17,Illinois,1
1257,2021-06-12,18,Indiana,5
1258,2021-06-12,20,Kansas,0
1259,2021-06-12,21,Kentucky,1
1260,2021-06-12,22,Louisiana,8
1261,2021-06-12,25,Massachusetts,0
1262,2021-06-12,24,Maryland,1
1263,2021-06-12,23,Maine,0
1264,2021-06-12,26,Michigan,0
1265,2021-06-12,27,Minnesota,0
1266,2021-06-12,29,Missouri,15
1267,2021-06-12,28,Mississippi,13
1268,2021-06-12,30,Montana,0
1269,2021-06-12,37,North Carolina,10
1270,2021-06-12,38,North Dakota,0
1271,2021-06-12,31,Nebraska,0
1272,2021-06-12,33,New Hampshire,0
1273,2021-06-12,34,New Jersey,11
1274,2021-06-12,35,New Mexico,6
1275,2021-06-12,32,Nevada,2
1276,2021-06-12,36,New York,5
1277,2021-06-12,39,Ohio,4
1278,2021-06-12,40,Oklahoma,11
1279,2021-06-12,41,Oregon,0
1280,2021-06-12,42,Pennsylvania,22
1281,2021-06-12,72,Puerto Rico,11
1282,2021-06-12,44,Rhode Island,0
1283,2021-06-12,45,South Carolina,5
1284,2021-06-12,46,South Dakota,9
1285,2021-06-12,47,Tennessee,6
1286,2021-06-12,48,Texas,28
1287,2021-06-12,US,US,276
1288,2021-06-12,49,Utah,0
1289,2021-06-12,51,Virginia,28
1290,2021-06-12,78,Virgin Islands,0
1291,2021-06-12,50,Vermont,0
1292,2021-06-12,53,Washington,0
1293,2021-06-12,55,Wisconsin,1
1294,2021-06-12,54,West Virginia,0
1295,2021-06-12,56,Wyoming,10
1296,2021-06-19,02,Alaska,7
1297,2021-06-19,01,Alabama,20
1298,2021-06-19,05,Arkansas,4
1299,2021-06-19,04,Arizona,9
1300,2021-06-19,06,California,9
1301,2021-06-19,08,Colorado,0
1302,2021-06-19,09,Connecticut,0
1303,2021-06-19,11,District of Columbia,0
1304,2021-06-19,10,Delaware,0
1305,2021-06-19,12,Florida,28
1306,2021-06-19,13,Georgia,4
1307,2021-06-19,15,Hawaii,0
1308,2021-06-19,19,Iowa,0
1309,2021-06-19,16,Idaho,0
1310,2021-06-19,17,Illinois,3
1311,2021-06-19,18,Indiana,2
1312,2021-06-19,20,Kansas,0
1313,2021-06-19,21,Kentucky,1
1314,2021-06-19,22,Louisiana,10
1315,2021-06-19,25,Massachusetts,0
1316,2021-06-19,24,Maryland,2
1317,2021-06-19,23,Maine,0
1318,2021-06-19,26,Michigan,0
1319,2021-06-19,27,Minnesota,1
1320,2021-06-19,29,Missouri,0
1321,2021-06-19,28,Mississippi,9
1322,2021-06-19,30,Montana,1
1323,2021-06-19,37,North Carolina,5
1324,2021-06-19,38,North Dakota,1
1325,2021-06-19,31,Nebraska,0
1326,2021-06-19,33,New Hampshire,5
1327,2021-06-19,34,New Jersey,18
1328,2021-06-19,35,New Mexico,6
1329,2021-06-19,32,Nevada,7
1330,2021-06-19,36,New York,1
1331,2021-06-19,39,Ohio,2
1332,2021-06-19,40,Oklahoma,6
1333,2021-06-19,41,Oregon,1
1334,2021-06-19,42,Pennsylvania,9
1335,2021-06-19,72,Puerto Rico,19
1336,2021-06-19,44,Rhode Island,0
1337,2021-06-19,45,South Carolina,0
1338,2021-06-19,46,South Dakota,4
1339,2021-06-19,47,Tennessee,6
1340,2021-06-19,48,Texas,30
1341,2021-06-19,US,US,262
1342,2021-06-19,49,Utah,5
1343,2021-06-19,51,Virginia,20
1344,2021-06-19,78,Virgin Islands,0
1345,2021-06-19,50,Vermont,0
1346,2021-06-19,53,Washington,0
1347,2021-06-19,55,Wisconsin,0
1348,2021-06-19,54,West Virginia,5
1349,2021-06-19,56,Wyoming,2
1350,2021-06-26,02,Alaska,7
1351,2021-06-26,01,Alabama,13
1352,2021-06-26,05,Arkansas,3
1353,2021-06-26,04,Arizona,3
1354,2021-06-26,06,California,15
1355,2021-06-26,08,Colorado,0
1356,2021-06-26,09,Connecticut,0
1357,2021-06-26,11,District of Columbia,0
1358,2021-06-26,10,Delaware,0
1359,2021-06-26,12,Florida,35
1360,2021-06-26,13,Georgia,2
1361,2021-06-26,15,Hawaii,0
1362,2021-06-26,19,Iowa,0
1363,2021-06-26,16,Idaho,1
1364,2021-06-26,17,Illinois,5
1365,2021-06-26,18,Indiana,13
1366,2021-06-26,20,Kansas,4
1367,2021-06-26,21,Kentucky,1
1368,2021-06-26,22,Louisiana,3
1369,2021-06-26,25,Massachusetts,1
1370,2021-06-26,24,Maryland,12
1371,2021-06-26,23,Maine,0
1372,2021-06-26,26,Michigan,0
1373,2021-06-26,27,Minnesota,0
1374,2021-06-26,29,Missouri,2
1375,2021-06-26,28,Mississippi,9
1376,2021-06-26,30,Montana,0
1377,2021-06-26,37,North Carolina,7
1378,2021-06-26,38,North Dakota,3
1379,2021-06-26,31,Nebraska,0
1380,2021-06-26,33,New Hampshire,0
1381,2021-06-26,34,New Jersey,2
1382,2021-06-26,35,New Mexico,0
1383,2021-06-26,32,Nevada,2
1384,2021-06-26,36,New York,0
1385,2021-06-26,39,Ohio,0
1386,2021-06-26,40,Oklahoma,6
1387,2021-06-26,41,Oregon,0
1388,2021-06-26,42,Pennsylvania,13
1389,2021-06-26,72,Puerto Rico,19
1390,2021-06-26,44,Rhode Island,0
1391,2021-06-26,45,South Carolina,0
1392,2021-06-26,46,South Dakota,2
1393,2021-06-26,47,Tennessee,5
1394,2021-06-26,48,Texas,43
1395,2021-06-26,US,US,253
1396,2021-06-26,49,Utah,0
1397,2021-06-26,51,Virginia,22
1398,2021-06-26,78,Virgin Islands,0
1399,2021-06-26,50,Vermont,0
1400,2021-06-26,53,Washington,0
1401,2021-06-26,55,Wisconsin,0
1402,2021-06-26,54,West Virginia,0
1403,2021-06-26,56,Wyoming,0
1404,2021-07-03,02,Alaska,7
1405,2021-07-03,01,Alabama,18
1406,2021-07-03,05,Arkansas,1
1407,2021-07-03,04,Arizona,13
1408,2021-07-03,06,California,5
1409,2021-07-03,08,Colorado,1
1410,2021-07-03,09,Connecticut,0
1411,2021-07-03,11,District of Columbia,0
1412,2021-07-03,10,Delaware,0
1413,2021-07-03,12,Florida,25
1414,2021-07-03,13,Georgia,13
1415,2021-07-03,15,Hawaii,0
1416,2021-07-03,19,Iowa,0
1417,2021-07-03,16,Idaho,0
1418,2021-07-03,17,Illinois,6
1419,2021-07-03,18,Indiana,3
1420,2021-07-03,20,Kansas,1
1421,2021-07-03,21,Kentucky,0
1422,2021-07-03,22,Louisiana,5
1423,2021-07-03,25,Massachusetts,0
1424,2021-07-03,24,Maryland,2
1425,2021-07-03,23,Maine,0
1426,2021-07-03,26,Michigan,0
1427,2021-07-03,27,Minnesota,0
1428,2021-07-03,29,Missouri,6
1429,2021-07-03,28,Mississippi,7
1430,2021-07-03,30,Montana,0
1431,2021-07-03,37,North Carolina,5
1432,2021-07-03,38,North Dakota,0
1433,2021-07-03,31,Nebraska,0
1434,2021-07-03,33,New Hampshire,0
1435,2021-07-03,34,New Jersey,8
1436,2021-07-03,35,New Mexico,0
1437,2021-07-03,32,Nevada,1
1438,2021-07-03,36,New York,2
1439,2021-07-03,39,Ohio,7
1440,2021-07-03,40,Oklahoma,5
1441,2021-07-03,41,Oregon,1
1442,2021-07-03,42,Pennsylvania,11
1443,2021-07-03,72,Puerto Rico,19
1444,2021-07-03,44,Rhode Island,0
1445,2021-07-03,45,South Carolina,0
1446,2021-07-03,46,South Dakota,2
1447,2021-07-03,47,Tennessee,1
1448,2021-07-03,48,Texas,58
1449,2021-07-03,US,US,249
1450,2021-07-03,49,Utah,2
1451,2021-07-03,51,Virginia,14
1452,2021-07-03,78,Virgin Islands,0
1453,2021-07-03,50,Vermont,0
1454,2021-07-03,53,Washington,0
1455,2021-07-03,55,Wisconsin,0
1456,2021-07-03,54,West Virginia,0
1457,2021-07-03,56,Wyoming,0
1458,2021-07-10,02,Alaska,7
1459,2021-07-10,01,Alabama,14
1460,2021-07-10,05,Arkansas,2
1461,2021-07-10,04,Arizona,1
1462,2021-07-10,06,California,9
1463,2021-07-10,08,Colorado,5
1464,2021-07-10,09,Connecticut,0
1465,2021-07-10,11,District of Columbia,1
1466,2021-07-10,10,Delaware,0
1467,2021-07-10,12,Florida,34
1468,2021-07-10,13,Georgia,2
1469,2021-07-10,15,Hawaii,1
1470,2021-07-10,19,Iowa,0
1471,2021-07-10,16,Idaho,0
1472,2021-07-10,17,Illinois,3
1473,2021-07-10,18,Indiana,8
1474,2021-07-10,20,Kansas,0
1475,2021-07-10,21,Kentucky,5
1476,2021-07-10,22,Louisiana,10
1477,2021-07-10,25,Massachusetts,0
1478,2021-07-10,24,Maryland,0
1479,2021-07-10,23,Maine,0
1480,2021-07-10,26,Michigan,0
1481,2021-07-10,27,Minnesota,0
1482,2021-07-10,29,Missouri,3
1483,2021-07-10,28,Mississippi,1
1484,2021-07-10,30,Montana,0
1485,2021-07-10,37,North Carolina,3
1486,2021-07-10,38,North Dakota,4
1487,2021-07-10,31,Nebraska,0
1488,2021-07-10,33,New Hampshire,0
1489,2021-07-10,34,New Jersey,8
1490,2021-07-10,35,New Mexico,0
1491,2021-07-10,32,Nevada,2
1492,2021-07-10,36,New York,1
1493,2021-07-10,39,Ohio,0
1494,2021-07-10,40,Oklahoma,6
1495,2021-07-10,41,Oregon,1
1496,2021-07-10,42,Pennsylvania,10
1497,2021-07-10,72,Puerto Rico,27
1498,2021-07-10,44,Rhode Island,0
1499,2021-07-10,45,South Carolina,5
1500,2021-07-10,46,South Dakota,4
1501,2021-07-10,47,Tennessee,3
1502,2021-07-10,48,Texas,85
1503,2021-07-10,US,US,287
1504,2021-07-10,49,Utah,0
1505,2021-07-10,51,Virginia,22
1506,2021-07-10,78,Virgin Islands,0
1507,2021-07-10,50,Vermont,0
1508,2021-07-10,53,Washington,0
1509,2021-07-10,55,Wisconsin,0
1510,2021-07-10,54,West Virginia,0
1511,2021-07-10,56,Wyoming,0
1512,2021-07-17,02,Alaska,7
1513,2021-07-17,01,Alabama,18
1514,2021-07-17,05,Arkansas,0
1515,2021-07-17,04,Arizona,5
1516,2021-07-17,06,California,14
1517,2021-07-17,08,Colorado,0
1518,2021-07-17,09,Connecticut,0
1519,2021-07-17,11,District of Columbia,0
1520,2021-07-17,10,Delaware,0
1521,2021-07-17,12,Florida,53
1522,2021-07-17,13,Georgia,5
1523,2021-07-17,15,Hawaii,1
1524,2021-07-17,19,Iowa,0
1525,2021-07-17,16,Idaho,0
1526,2021-07-17,17,Illinois,10
1527,2021-07-17,18,Indiana,11
1528,2021-07-17,20,Kansas,9
1529,2021-07-17,21,Kentucky,0
1530,2021-07-17,22,Louisiana,11
1531,2021-07-17,25,Massachusetts,0
1532,2021-07-17,24,Maryland,0
1533,2021-07-17,23,Maine,0
1534,2021-07-17,26,Michigan,1
1535,2021-07-17,27,Minnesota,0
1536,2021-07-17,29,Missouri,2
1537,2021-07-17,28,Mississippi,6
1538,2021-07-17,30,Montana,0
1539,2021-07-17,37,North Carolina,8
1540,2021-07-17,38,North Dakota,2
1541,2021-07-17,31,Nebraska,0
1542,2021-07-17,33,New Hampshire,0
1543,2021-07-17,34,New Jersey,2
1544,2021-07-17,35,New Mexico,2
1545,2021-07-17,32,Nevada,4
1546,2021-07-17,36,New York,3
1547,2021-07-17,39,Ohio,0
1548,2021-07-17,40,Oklahoma,17
1549,2021-07-17,41,Oregon,0
1550,2021-07-17,42,Pennsylvania,8
1551,2021-07-17,72,Puerto Rico,16
1552,2021-07-17,44,Rhode Island,0
1553,2021-07-17,45,South Carolina,0
1554,2021-07-17,46,South Dakota,2
1555,2021-07-17,47,Tennessee,7
1556,2021-07-17,48,Texas,97
1557,2021-07-17,US,US,348
1558,2021-07-17,49,Utah,1
1559,2021-07-17,51,Virginia,20
1560,2021-07-17,78,Virgin Islands,0
1561,2021-07-17,50,Vermont,0
1562,2021-07-17,53,Washington,0
1563,2021-07-17,55,Wisconsin,0
1564,2021-07-17,54,West Virginia,6
1565,2021-07-17,56,Wyoming,0
1566,2021-07-24,02,Alaska,8
1567,2021-07-24,01,Alabama,20
1568,2021-07-24,05,Arkansas,4
1569,2021-07-24,04,Arizona,5
1570,2021-07-24,06,California,8
1571,2021-07-24,08,Colorado,1
1572,2021-07-24,09,Connecticut,0
1573,2021-07-24,11,District of Columbia,0
1574,2021-07-24,10,Delaware,0
1575,2021-07-24,12,Florida,30
1576,2021-07-24,13,Georgia,12
1577,2021-07-24,15,Hawaii,0
1578,2021-07-24,19,Iowa,0
1579,2021-07-24,16,Idaho,0
1580,2021-07-24,17,Illinois,6
1581,2021-07-24,18,Indiana,10
1582,2021-07-24,20,Kansas,1
1583,2021-07-24,21,Kentucky,4
1584,2021-07-24,22,Louisiana,1
1585,2021-07-24,25,Massachusetts,4
1586,2021-07-24,24,Maryland,1
1587,2021-07-24,23,Maine,0
1588,2021-07-24,26,Michigan,0
1589,2021-07-24,27,Minnesota,0
1590,2021-07-24,29,Missouri,3
1591,2021-07-24,28,Mississippi,6
1592,2021-07-24,30,Montana,0
1593,2021-07-24,37,North Carolina,8
1594,2021-07-24,38,North Dakota,1
1595,2021-07-24,31,Nebraska,0
1596,2021-07-24,33,New Hampshire,0
1597,2021-07-24,34,New Jersey,9
1598,2021-07-24,35,New Mexico,2
1599,2021-07-24,32,Nevada,1
1600,2021-07-24,36,New York,1
1601,2021-07-24,39,Ohio,0
1602,2021-07-24,40,Oklahoma,7
1603,2021-07-24,41,Oregon,0
1604,2021-07-24,42,Pennsylvania,15
1605,2021-07-24,72,Puerto Rico,18
1606,2021-07-24,44,Rhode Island,0
1607,2021-07-24,45,South Carolina,7
1608,2021-07-24,46,South Dakota,1
1609,2021-07-24,47,Tennessee,1
1610,2021-07-24,48,Texas,96
1611,2021-07-24,US,US,318
1612,2021-07-24,49,Utah,1
1613,2021-07-24,51,Virginia,24
1614,2021-07-24,78,Virgin Islands,0
1615,2021-07-24,50,Vermont,0
1616,2021-07-24,53,Washington,1
1617,2021-07-24,55,Wisconsin,0
1618,2021-07-24,54,West Virginia,1
1619,2021-07-24,56,Wyoming,0
1620,2021-07-31,02,Alaska,7
1621,2021-07-31,01,Alabama,31
1622,2021-07-31,05,Arkansas,6
1623,2021-07-31,04,Arizona,4
1624,2021-07-31,06,California,10
1625,2021-07-31,08,Colorado,2
1626,2021-07-31,09,Connecticut,1
1627,2021-07-31,11,District of Columbia,0
1628,2021-07-31,10,Delaware,1
1629,2021-07-31,12,Florida,41
1630,2021-07-31,13,Georgia,9
1631,2021-07-31,15,Hawaii,1
1632,2021-07-31,19,Iowa,0
1633,2021-07-31,16,Idaho,0
1634,2021-07-31,17,Illinois,9
1635,2021-07-31,18,Indiana,29
1636,2021-07-31,20,Kansas,4
1637,2021-07-31,21,Kentucky,5
1638,2021-07-31,22,Louisiana,16
1639,2021-07-31,25,Massachusetts,5
1640,2021-07-31,24,Maryland,1
1641,2021-07-31,23,Maine,0
1642,2021-07-31,26,Michigan,0
1643,2021-07-31,27,Minnesota,0
1644,2021-07-31,29,Missouri,3
1645,2021-07-31,28,Mississippi,3
1646,2021-07-31,30,Montana,0
1647,2021-07-31,37,North Carolina,10
1648,2021-07-31,38,North Dakota,3
1649,2021-07-31,31,Nebraska,0
1650,2021-07-31,33,New Hampshire,0
1651,2021-07-31,34,New Jersey,5
1652,2021-07-31,35,New Mexico,2
1653,2021-07-31,32,Nevada,0
1654,2021-07-31,36,New York,0
1655,2021-07-31,39,Ohio,10
1656,2021-07-31,40,Oklahoma,12
1657,2021-07-31,41,Oregon,0
1658,2021-07-31,42,Pennsylvania,15
1659,2021-07-31,72,Puerto Rico,18
1660,2021-07-31,44,Rhode Island,0
1661,2021-07-31,45,South Carolina,8
1662,2021-07-31,46,South Dakota,1
1663,2021-07-31,47,Tennessee,5
1664,2021-07-31,48,Texas,54
1665,2021-07-31,US,US,356
1666,2021-07-31,49,Utah,1
1667,2021-07-31,51,Virginia,22
1668,2021-07-31,78,Virgin Islands,0
1669,2021-07-31,50,Vermont,0
1670,2021-07-31,53,Washington,0
1671,2021-07-31,55,Wisconsin,1
1672,2021-07-31,54,West Virginia,1
1673,2021-07-31,56,Wyoming,0
1674,2021-08-07,02,Alaska,7
1675,2021-08-07,01,Alabama,21
1676,2021-08-07,05,Arkansas,5
1677,2021-08-07,04,Arizona,4
1678,2021-08-07,06,California,16
1679,2021-08-07,08,Colorado,4
1680,2021-08-07,09,Connecticut,0
1681,2021-08-07,11,District of Columbia,0
1682,2021-08-07,10,Delaware,0
1683,2021-08-07,12,Florida,49
1684,2021-08-07,13,Georgia,13
1685,2021-08-07,15,Hawaii,1
1686,2021-08-07,19,Iowa,2
1687,2021-08-07,16,Idaho,0
1688,2021-08-07,17,Illinois,5
1689,2021-08-07,18,Indiana,30
1690,2021-08-07,20,Kansas,4
1691,2021-08-07,21,Kentucky,5
1692,2021-08-07,22,Louisiana,17
1693,2021-08-07,25,Massachusetts,3
1694,2021-08-07,24,Maryland,1
1695,2021-08-07,23,Maine,0
1696,2021-08-07,26,Michigan,3
1697,2021-08-07,27,Minnesota,0
1698,2021-08-07,29,Missouri,3
1699,2021-08-07,28,Mississippi,0
1700,2021-08-07,30,Montana,0
1701,2021-08-07,37,North Carolina,5
1702,2021-08-07,38,North Dakota,3
1703,2021-08-07,31,Nebraska,0
1704,2021-08-07,33,New Hampshire,1
1705,2021-08-07,34,New Jersey,5
1706,2021-08-07,35,New Mexico,5
1707,2021-08-07,32,Nevada,0
1708,2021-08-07,36,New York,8
1709,2021-08-07,39,Ohio,29
1710,2021-08-07,40,Oklahoma,22
1711,2021-08-07,41,Oregon,0
1712,2021-08-07,42,Pennsylvania,17
1713,2021-08-07,72,Puerto Rico,25
1714,2021-08-07,44,Rhode Island,0
1715,2021-08-07,45,South Carolina,3
1716,2021-08-07,46,South Dakota,0
1717,2021-08-07,47,Tennessee,4
1718,2021-08-07,48,Texas,41
1719,2021-08-07,US,US,388
1720,2021-08-07,49,Utah,2
1721,2021-08-07,51,Virginia,21
1722,2021-08-07,78,Virgin Islands,0
1723,2021-08-07,50,Vermont,0
1724,2021-08-07,53,Washington,1
1725,2021-08-07,55,Wisconsin,1
1726,2021-08-07,54,West Virginia,2
1727,2021-08-07,56,Wyoming,0
1728,2021-08-14,02,Alaska,7
1729,2021-08-14,01,Alabama,18
1730,2021-08-14,05,Arkansas,3
1731,2021-08-14,04,Arizona,18
1732,2021-08-14,06,California,12
1733,2021-08-14,08,Colorado,2
1734,2021-08-14,09,Connecticut,0
1735,2021-08-14,11,District of Columbia,0
1736,2021-08-14,10,Delaware,0
1737,2021-08-14,12,Florida,43
1738,2021-08-14,13,Georgia,14
1739,2021-08-14,15,Hawaii,2
1740,2021-08-14,19,Iowa,0
1741,2021-08-14,16,Idaho,1
1742,2021-08-14,17,Illinois,6
1743,2021-08-14,18,Indiana,26
1744,2021-08-14,20,Kansas,1
1745,2021-08-14,21,Kentucky,3
1746,2021-08-14,22,Louisiana,7
1747,2021-08-14,25,Massachusetts,7
1748,2021-08-14,24,Maryland,0
1749,2021-08-14,23,Maine,0
1750,2021-08-14,26,Michigan,0
1751,2021-08-14,27,Minnesota,0
1752,2021-08-14,29,Missouri,3
1753,2021-08-14,28,Mississippi,4
1754,2021-08-14,30,Montana,0
1755,2021-08-14,37,North Carolina,15
1756,2021-08-14,38,North Dakota,3
1757,2021-08-14,31,Nebraska,0
1758,2021-08-14,33,New Hampshire,0
1759,2021-08-14,34,New Jersey,5
1760,2021-08-14,35,New Mexico,1
1761,2021-08-14,32,Nevada,4
1762,2021-08-14,36,New York,7
1763,2021-08-14,39,Ohio,1
1764,2021-08-14,40,Oklahoma,8
1765,2021-08-14,41,Oregon,0
1766,2021-08-14,42,Pennsylvania,10
1767,2021-08-14,72,Puerto Rico,27
1768,2021-08-14,44,Rhode Island,0
1769,2021-08-14,45,South Carolina,7
1770,2021-08-14,46,South Dakota,2
1771,2021-08-14,47,Tennessee,9
1772,2021-08-14,48,Texas,29
1773,2021-08-14,US,US,337
1774,2021-08-14,49,Utah,1
1775,2021-08-14,51,Virginia,27
1776,2021-08-14,78,Virgin Islands,0
1777,2021-08-14,50,Vermont,0
1778,2021-08-14,53,Washington,0
1779,2021-08-14,55,Wisconsin,0
1780,2021-08-14,54,West Virginia,4
1781,2021-08-14,56,Wyoming,0
1782,2021-08-21,02,Alaska,7
1783,2021-08-21,01,Alabama,28
1784,2021-08-21,05,Arkansas,8
1785,2021-08-21,04,Arizona,12
1786,2021-08-21,06,California,6
1787,2021-08-21,08,Colorado,3
1788,2021-08-21,09,Connecticut,0
1789,2021-08-21,11,District of Columbia,0
1790,2021-08-21,10,Delaware,1
1791,2021-08-21,12,Florida,34
1792,2021-08-21,13,Georgia,17
1793,2021-08-21,15,Hawaii,0
1794,2021-08-21,19,Iowa,3
1795,2021-08-21,16,Idaho,1
1796,2021-08-21,17,Illinois,5
1797,2021-08-21,18,Indiana,33
1798,2021-08-21,20,Kansas,1
1799,2021-08-21,21,Kentucky,9
1800,2021-08-21,22,Louisiana,0
1801,2021-08-21,25,Massachusetts,3
1802,2021-08-21,24,Maryland,1
1803,2021-08-21,23,Maine,0
1804,2021-08-21,26,Michigan,2
1805,2021-08-21,27,Minnesota,0
1806,2021-08-21,29,Missouri,5
1807,2021-08-21,28,Mississippi,5
1808,2021-08-21,30,Montana,0
1809,2021-08-21,37,North Carolina,10
1810,2021-08-21,38,North Dakota,1
1811,2021-08-21,31,Nebraska,0
1812,2021-08-21,33,New Hampshire,0
1813,2021-08-21,34,New Jersey,5
1814,2021-08-21,35,New Mexico,0
1815,2021-08-21,32,Nevada,2
1816,2021-08-21,36,New York,7
1817,2021-08-21,39,Ohio,3
1818,2021-08-21,40,Oklahoma,4
1819,2021-08-21,41,Oregon,7
1820,2021-08-21,42,Pennsylvania,12
1821,2021-08-21,72,Puerto Rico,25
1822,2021-08-21,44,Rhode Island,0
1823,2021-08-21,45,South Carolina,9
1824,2021-08-21,46,South Dakota,5
1825,2021-08-21,47,Tennessee,3
1826,2021-08-21,48,Texas,34
1827,2021-08-21,US,US,336
1828,2021-08-21,49,Utah,0
1829,2021-08-21,51,Virginia,22
1830,2021-08-21,78,Virgin Islands,0
1831,2021-08-21,50,Vermont,0
1832,2021-08-21,53,Washington,1
1833,2021-08-21,55,Wisconsin,0
1834,2021-08-21,54,West Virginia,2
1835,2021-08-21,56,Wyoming,0
1836,2021-08-28,02,Alaska,7
1837,2021-08-28,01,Alabama,22
1838,2021-08-28,05,Arkansas,7
1839,2021-08-28,04,Arizona,7
1840,2021-08-28,06,California,8
1841,2021-08-28,08,Colorado,3
1842,2021-08-28,09,Connecticut,0
1843,2021-08-28,11,District of Columbia,0
1844,2021-08-28,10,Delaware,2
1845,2021-08-28,12,Florida,26
1846,2021-08-28,13,Georgia,13
1847,2021-08-28,15,Hawaii,0
1848,2021-08-28,19,Iowa,0
1849,2021-08-28,16,Idaho,0
1850,2021-08-28,17,Illinois,0
1851,2021-08-28,18,Indiana,21
1852,2021-08-28,20,Kansas,3
1853,2021-08-28,21,Kentucky,2
1854,2021-08-28,22,Louisiana,12
1855,2021-08-28,25,Massachusetts,2
1856,2021-08-28,24,Maryland,0
1857,2021-08-28,23,Maine,0
1858,2021-08-28,26,Michigan,3
1859,2021-08-28,27,Minnesota,2
1860,2021-08-28,29,Missouri,3
1861,2021-08-28,28,Mississippi,19
1862,2021-08-28,30,Montana,0
1863,2021-08-28,37,North Carolina,4
1864,2021-08-28,38,North Dakota,3
1865,2021-08-28,31,Nebraska,1
1866,2021-08-28,33,New Hampshire,0
1867,2021-08-28,34,New Jersey,5
1868,2021-08-28,35,New Mexico,0
1869,2021-08-28,32,Nevada,5
1870,2021-08-28,36,New York,8
1871,2021-08-28,39,Ohio,3
1872,2021-08-28,40,Oklahoma,10
1873,2021-08-28,41,Oregon,0
1874,2021-08-28,42,Pennsylvania,12
1875,2021-08-28,72,Puerto Rico,35
1876,2021-08-28,44,Rhode Island,0
1877,2021-08-28,45,South Carolina,5
1878,2021-08-28,46,South Dakota,1
1879,2021-08-28,47,Tennessee,6
1880,2021-08-28,48,Texas,27
1881,2021-08-28,US,US,302
1882,2021-08-28,49,Utah,3
1883,2021-08-28,51,Virginia,8
1884,2021-08-28,78,Virgin Islands,0
1885,2021-08-28,50,Vermont,2
1886,2021-08-28,53,Washington,0
1887,2021-08-28,55,Wisconsin,0
1888,2021-08-28,54,West Virginia,2
1889,2021-08-28,56,Wyoming,0
1890,2021-09-04,02,Alaska,7
1891,2021-09-04,01,Alabama,33
1892,2021-09-04,05,Arkansas,5
1893,2021-09-04,04,Arizona,8
1894,2021-09-04,06,California,7
1895,2021-09-04,08,Colorado,5
1896,2021-09-04,09,Connecticut,0
1897,2021-09-04,11,District of Columbia,0
1898,2021-09-04,10,Delaware,0
1899,2021-09-04,12,Florida,22
1900,2021-09-04,13,Georgia,27
1901,2021-09-04,15,Hawaii,0
1902,2021-09-04,19,Iowa,0
1903,2021-09-04,16,Idaho,1
1904,2021-09-04,17,Illinois,2
1905,2021-09-04,18,Indiana,21
1906,2021-09-04,20,Kansas,6
1907,2021-09-04,21,Kentucky,4
1908,2021-09-04,22,Louisiana,4
1909,2021-09-04,25,Massachusetts,1
1910,2021-09-04,24,Maryland,1
1911,2021-09-04,23,Maine,0
1912,2021-09-04,26,Michigan,2
1913,2021-09-04,27,Minnesota,0
1914,2021-09-04,29,Missouri,2
1915,2021-09-04,28,Mississippi,19
1916,2021-09-04,30,Montana,0
1917,2021-09-04,37,North Carolina,6
1918,2021-09-04,38,North Dakota,2
1919,2021-09-04,31,Nebraska,0
1920,2021-09-04,33,New Hampshire,0
1921,2021-09-04,34,New Jersey,4
1922,2021-09-04,35,New Mexico,3
1923,2021-09-04,32,Nevada,0
1924,2021-09-04,36,New York,8
1925,2021-09-04,39,Ohio,1
1926,2021-09-04,40,Oklahoma,10
1927,2021-09-04,41,Oregon,0
1928,2021-09-04,42,Pennsylvania,23
1929,2021-09-04,72,Puerto Rico,23
1930,2021-09-04,44,Rhode Island,0
1931,2021-09-04,45,South Carolina,1
1932,2021-09-04,46,South Dakota,1
1933,2021-09-04,47,Tennessee,8
1934,2021-09-04,48,Texas,35
1935,2021-09-04,US,US,324
1936,2021-09-04,49,Utah,2
1937,2021-09-04,51,Virginia,15
1938,2021-09-04,78,Virgin Islands,0
1939,2021-09-04,50,Vermont,0
1940,2021-09-04,53,Washington,0
1941,2021-09-04,55,Wisconsin,1
1942,2021-09-04,54,West Virginia,4
1943,2021-09-04,56,Wyoming,0
1944,2021-09-11,02,Alaska,7
1945,2021-09-11,01,Alabama,27
1946,2021-09-11,05,Arkansas,2
1947,2021-09-11,04,Arizona,3
1948,2021-09-11,06,California,8
1949,2021-09-11,08,Colorado,1
1950,2021-09-11,09,Connecticut,0
1951,2021-09-11,11,District of Columbia,0
1952,2021-09-11,10,Delaware,0
1953,2021-09-11,12,Florida,30
1954,2021-09-11,13,Georgia,28
1955,2021-09-11,15,Hawaii,0
1956,2021-09-11,19,Iowa,1
1957,2021-09-11,16,Idaho,0
1958,2021-09-11,17,Illinois,4
1959,2021-09-11,18,Indiana,12
1960,2021-09-11,20,Kansas,0
1961,2021-09-11,21,Kentucky,3
1962,2021-09-11,22,Louisiana,2
1963,2021-09-11,25,Massachusetts,1
1964,2021-09-11,24,Maryland,1
1965,2021-09-11,23,Maine,0
1966,2021-09-11,26,Michigan,0
1967,2021-09-11,27,Minnesota,0
1968,2021-09-11,29,Missouri,2
1969,2021-09-11,28,Mississippi,5
1970,2021-09-11,30,Montana,1
1971,2021-09-11,37,North Carolina,15
1972,2021-09-11,38,North Dakota,6
1973,2021-09-11,31,Nebraska,2
1974,2021-09-11,33,New Hampshire,0
1975,2021-09-11,34,New Jersey,6
1976,2021-09-11,35,New Mexico,0
1977,2021-09-11,32,Nevada,1
1978,2021-09-11,36,New York,9
1979,2021-09-11,39,Ohio,4
1980,2021-09-11,40,Oklahoma,13
1981,2021-09-11,41,Oregon,2
1982,2021-09-11,42,Pennsylvania,12
1983,2021-09-11,72,Puerto Rico,24
1984,2021-09-11,44,Rhode Island,0
1985,2021-09-11,45,South Carolina,4
1986,2021-09-11,46,South Dakota,1
1987,2021-09-11,47,Tennessee,2
1988,2021-09-11,48,Texas,33
1989,2021-09-11,US,US,293
1990,2021-09-11,49,Utah,1
1991,2021-09-11,51,Virginia,17
1992,2021-09-11,78,Virgin Islands,0
1993,2021-09-11,50,Vermont,0
1994,2021-09-11,53,Washington,0
1995,2021-09-11,55,Wisconsin,0
1996,2021-09-11,54,West Virginia,3
1997,2021-09-11,56,Wyoming,0
1998,2021-09-18,02,Alaska,7
1999,2021-09-18,01,Alabama,22
2000,2021-09-18,05,Arkansas,5
2001,2021-09-18,04,Arizona,4
2002,2021-09-18,06,California,6
2003,2021-09-18,08,Colorado,4
2004,2021-09-18,09,Connecticut,0
2005,2021-09-18,11,District of Columbia,0
2006,2021-09-18,10,Delaware,1
2007,2021-09-18,12,Florida,35
2008,2021-09-18,13,Georgia,17
2009,2021-09-18,15,Hawaii,1
2010,2021-09-18,19,Iowa,0
2011,2021-09-18,16,Idaho,1
2012,2021-09-18,17,Illinois,1
2013,2021-09-18,18,Indiana,14
2014,2021-09-18,20,Kansas,0
2015,2021-09-18,21,Kentucky,4
2016,2021-09-18,22,Louisiana,4
2017,2021-09-18,25,Massachusetts,2
2018,2021-09-18,24,Maryland,2
2019,2021-09-18,23,Maine,0
2020,2021-09-18,26,Michigan,0
2021,2021-09-18,27,Minnesota,3
2022,2021-09-18,29,Missouri,1
2023,2021-09-18,28,Mississippi,2
2024,2021-09-18,30,Montana,7
2025,2021-09-18,37,North Carolina,11
2026,2021-09-18,38,North Dakota,3
2027,2021-09-18,31,Nebraska,0
2028,2021-09-18,33,New Hampshire,0
2029,2021-09-18,34,New Jersey,3
2030,2021-09-18,35,New Mexico,0
2031,2021-09-18,32,Nevada,2
2032,2021-09-18,36,New York,7
2033,2021-09-18,39,Ohio,6
2034,2021-09-18,40,Oklahoma,8
2035,2021-09-18,41,Oregon,2
2036,2021-09-18,42,Pennsylvania,20
2037,2021-09-18,72,Puerto Rico,28
2038,2021-09-18,44,Rhode Island,0
2039,2021-09-18,45,South Carolina,3
2040,2021-09-18,46,South Dakota,0
2041,2021-09-18,47,Tennessee,6
2042,2021-09-18,48,Texas,33
2043,2021-09-18,US,US,304
2044,2021-09-18,49,Utah,1
2045,2021-09-18,51,Virginia,23
2046,2021-09-18,78,Virgin Islands,0
2047,2021-09-18,50,Vermont,0
2048,2021-09-18,53,Washington,1
2049,2021-09-18,55,Wisconsin,2
2050,2021-09-18,54,West Virginia,2
2051,2021-09-18,56,Wyoming,0
2052,2021-09-25,02,Alaska,7
2053,2021-09-25,01,Alabama,19
2054,2021-09-25,05,Arkansas,4
2055,2021-09-25,04,Arizona,2
2056,2021-09-25,06,California,15
2057,2021-09-25,08,Colorado,3
2058,2021-09-25,09,Connecticut,0
2059,2021-09-25,11,District of Columbia,0
2060,2021-09-25,10,Delaware,0
2061,2021-09-25,12,Florida,29
2062,2021-09-25,13,Georgia,18
2063,2021-09-25,15,Hawaii,0
2064,2021-09-25,19,Iowa,9
2065,2021-09-25,16,Idaho,0
2066,2021-09-25,17,Illinois,0
2067,2021-09-25,18,Indiana,25
2068,2021-09-25,20,Kansas,2
2069,2021-09-25,21,Kentucky,5
2070,2021-09-25,22,Louisiana,6
2071,2021-09-25,25,Massachusetts,2
2072,2021-09-25,24,Maryland,0
2073,2021-09-25,23,Maine,0
2074,2021-09-25,26,Michigan,2
2075,2021-09-25,27,Minnesota,0
2076,2021-09-25,29,Missouri,4
2077,2021-09-25,28,Mississippi,3
2078,2021-09-25,30,Montana,0
2079,2021-09-25,37,North Carolina,8
2080,2021-09-25,38,North Dakota,0
2081,2021-09-25,31,Nebraska,1
2082,2021-09-25,33,New Hampshire,1
2083,2021-09-25,34,New Jersey,7
2084,2021-09-25,35,New Mexico,3
2085,2021-09-25,32,Nevada,1
2086,2021-09-25,36,New York,9
2087,2021-09-25,39,Ohio,4
2088,2021-09-25,40,Oklahoma,9
2089,2021-09-25,41,Oregon,0
2090,2021-09-25,42,Pennsylvania,10
2091,2021-09-25,72,Puerto Rico,20
2092,2021-09-25,44,Rhode Island,0
2093,2021-09-25,45,South Carolina,2
2094,2021-09-25,46,South Dakota,0
2095,2021-09-25,47,Tennessee,3
2096,2021-09-25,48,Texas,35
2097,2021-09-25,US,US,300
2098,2021-09-25,49,Utah,2
2099,2021-09-25,51,Virginia,14
2100,2021-09-25,78,Virgin Islands,0
2101,2021-09-25,50,Vermont,0
2102,2021-09-25,53,Washington,0
2103,2021-09-25,55,Wisconsin,12
2104,2021-09-25,54,West Virginia,4
2105,2021-09-25,56,Wyoming,0
2106,2021-10-02,02,Alaska,4
2107,2021-10-02,01,Alabama,11
2108,2021-10-02,05,Arkansas,3
2109,2021-10-02,04,Arizona,13
2110,2021-10-02,06,California,12
2111,2021-10-02,08,Colorado,0
2112,2021-10-02,09,Connecticut,0
2113,2021-10-02,11,District of Columbia,0
2114,2021-10-02,10,Delaware,1
2115,2021-10-02,12,Florida,32
2116,2021-10-02,13,Georgia,22
2117,2021-10-02,15,Hawaii,0
2118,2021-10-02,19,Iowa,0
2119,2021-10-02,16,Idaho,0
2120,2021-10-02,17,Illinois,2
2121,2021-10-02,18,Indiana,12
2122,2021-10-02,20,Kansas,5
2123,2021-10-02,21,Kentucky,2
2124,2021-10-02,22,Louisiana,8
2125,2021-10-02,25,Massachusetts,4
2126,2021-10-02,24,Maryland,2
2127,2021-10-02,23,Maine,0
2128,2021-10-02,26,Michigan,7
2129,2021-10-02,27,Minnesota,1
2130,2021-10-02,29,Missouri,5
2131,2021-10-02,28,Mississippi,1
2132,2021-10-02,30,Montana,0
2133,2021-10-02,37,North Carolina,14
2134,2021-10-02,38,North Dakota,1
2135,2021-10-02,31,Nebraska,0
2136,2021-10-02,33,New Hampshire,1
2137,2021-10-02,34,New Jersey,11
2138,2021-10-02,35,New Mexico,4
2139,2021-10-02,32,Nevada,5
2140,2021-10-02,36,New York,9
2141,2021-10-02,39,Ohio,11
2142,2021-10-02,40,Oklahoma,4
2143,2021-10-02,41,Oregon,2
2144,2021-10-02,42,Pennsylvania,24
2145,2021-10-02,72,Puerto Rico,31
2146,2021-10-02,44,Rhode Island,0
2147,2021-10-02,45,South Carolina,5
2148,2021-10-02,46,South Dakota,2
2149,2021-10-02,47,Tennessee,4
2150,2021-10-02,48,Texas,42
2151,2021-10-02,US,US,336
2152,2021-10-02,49,Utah,2
2153,2021-10-02,51,Virginia,10
2154,2021-10-02,78,Virgin Islands,0
2155,2021-10-02,50,Vermont,0
2156,2021-10-02,53,Washington,3
2157,2021-10-02,55,Wisconsin,1
2158,2021-10-02,54,West Virginia,3
2159,2021-10-02,56,Wyoming,0
2160,2021-10-09,02,Alaska,0
2161,2021-10-09,01,Alabama,18
2162,2021-10-09,05,Arkansas,4
2163,2021-10-09,04,Arizona,27
2164,2021-10-09,06,California,14
2165,2021-10-09,08,Colorado,6
2166,2021-10-09,09,Connecticut,0
2167,2021-10-09,11,District of Columbia,0
2168,2021-10-09,10,Delaware,0
2169,2021-10-09,12,Florida,38
2170,2021-10-09,13,Georgia,4
2171,2021-10-09,15,Hawaii,0
2172,2021-10-09,19,Iowa,0
2173,2021-10-09,16,Idaho,0
2174,2021-10-09,17,Illinois,0
2175,2021-10-09,18,Indiana,12
2176,2021-10-09,20,Kansas,9
2177,2021-10-09,21,Kentucky,8
2178,2021-10-09,22,Louisiana,7
2179,2021-10-09,25,Massachusetts,7
2180,2021-10-09,24,Maryland,2
2181,2021-10-09,23,Maine,0
2182,2021-10-09,26,Michigan,4
2183,2021-10-09,27,Minnesota,1
2184,2021-10-09,29,Missouri,1
2185,2021-10-09,28,Mississippi,3
2186,2021-10-09,30,Montana,0
2187,2021-10-09,37,North Carolina,14
2188,2021-10-09,38,North Dakota,1
2189,2021-10-09,31,Nebraska,1
2190,2021-10-09,33,New Hampshire,0
2191,2021-10-09,34,New Jersey,6
2192,2021-10-09,35,New Mexico,2
2193,2021-10-09,32,Nevada,5
2194,2021-10-09,36,New York,10
2195,2021-10-09,39,Ohio,8
2196,2021-10-09,40,Oklahoma,20
2197,2021-10-09,41,Oregon,4
2198,2021-10-09,42,Pennsylvania,24
2199,2021-10-09,72,Puerto Rico,27
2200,2021-10-09,44,Rhode Island,0
2201,2021-10-09,45,South Carolina,6
2202,2021-10-09,46,South Dakota,2
2203,2021-10-09,47,Tennessee,15
2204,2021-10-09,48,Texas,44
2205,2021-10-09,US,US,383
2206,2021-10-09,49,Utah,2
2207,2021-10-09,51,Virginia,12
2208,2021-10-09,78,Virgin Islands,0
2209,2021-10-09,50,Vermont,0
2210,2021-10-09,53,Washington,0
2211,2021-10-09,55,Wisconsin,5
2212,2021-10-09,54,West Virginia,10
2213,2021-10-09,56,Wyoming,0
2214,2021-10-16,02,Alaska,0
2215,2021-10-16,01,Alabama,11
2216,2021-10-16,05,Arkansas,8
2217,2021-10-16,04,Arizona,28
2218,2021-10-16,06,California,10
2219,2021-10-16,08,Colorado,1
2220,2021-10-16,09,Connecticut,0
2221,2021-10-16,11,District of Columbia,0
2222,2021-10-16,10,Delaware,3
2223,2021-10-16,12,Florida,30
2224,2021-10-16,13,Georgia,9
2225,2021-10-16,15,Hawaii,0
2226,2021-10-16,19,Iowa,0
2227,2021-10-16,16,Idaho,0
2228,2021-10-16,17,Illinois,6
2229,2021-10-16,18,Indiana,11
2230,2021-10-16,20,Kansas,11
2231,2021-10-16,21,Kentucky,6
2232,2021-10-16,22,Louisiana,13
2233,2021-10-16,25,Massachusetts,4
2234,2021-10-16,24,Maryland,5
2235,2021-10-16,23,Maine,1
2236,2021-10-16,26,Michigan,3
2237,2021-10-16,27,Minnesota,1
2238,2021-10-16,29,Missouri,6
2239,2021-10-16,28,Mississippi,6
2240,2021-10-16,30,Montana,0
2241,2021-10-16,37,North Carolina,24
2242,2021-10-16,38,North Dakota,2
2243,2021-10-16,31,Nebraska,0
2244,2021-10-16,33,New Hampshire,2
2245,2021-10-16,34,New Jersey,2
2246,2021-10-16,35,New Mexico,2
2247,2021-10-16,32,Nevada,6
2248,2021-10-16,36,New York,8
2249,2021-10-16,39,Ohio,8
2250,2021-10-16,40,Oklahoma,16
2251,2021-10-16,41,Oregon,1
2252,2021-10-16,42,Pennsylvania,29
2253,2021-10-16,72,Puerto Rico,21
2254,2021-10-16,44,Rhode Island,1
2255,2021-10-16,45,South Carolina,7
2256,2021-10-16,46,South Dakota,0
2257,2021-10-16,47,Tennessee,7
2258,2021-10-16,48,Texas,38
2259,2021-10-16,US,US,368
2260,2021-10-16,49,Utah,2
2261,2021-10-16,51,Virginia,16
2262,2021-10-16,78,Virgin Islands,0
2263,2021-10-16,50,Vermont,0
2264,2021-10-16,53,Washington,0
2265,2021-10-16,55,Wisconsin,2
2266,2021-10-16,54,West Virginia,1
2267,2021-10-16,56,Wyoming,0
2268,2021-10-23,02,Alaska,1
2269,2021-10-23,01,Alabama,11
2270,2021-10-23,05,Arkansas,7
2271,2021-10-23,04,Arizona,4
2272,2021-10-23,06,California,17
2273,2021-10-23,08,Colorado,4
2274,2021-10-23,09,Connecticut,0
2275,2021-10-23,11,District of Columbia,0
2276,2021-10-23,10,Delaware,0
2277,2021-10-23,12,Florida,48
2278,2021-10-23,13,Georgia,21
2279,2021-10-23,15,Hawaii,0
2280,2021-10-23,19,Iowa,0
2281,2021-10-23,16,Idaho,0
2282,2021-10-23,17,Illinois,2
2283,2021-10-23,18,Indiana,7
2284,2021-10-23,20,Kansas,11
2285,2021-10-23,21,Kentucky,2
2286,2021-10-23,22,Louisiana,7
2287,2021-10-23,25,Massachusetts,8
2288,2021-10-23,24,Maryland,6
2289,2021-10-23,23,Maine,0
2290,2021-10-23,26,Michigan,3
2291,2021-10-23,27,Minnesota,1
2292,2021-10-23,29,Missouri,1
2293,2021-10-23,28,Mississippi,14
2294,2021-10-23,30,Montana,0
2295,2021-10-23,37,North Carolina,36
2296,2021-10-23,38,North Dakota,0
2297,2021-10-23,31,Nebraska,0
2298,2021-10-23,33,New Hampshire,1
2299,2021-10-23,34,New Jersey,12
2300,2021-10-23,35,New Mexico,4
2301,2021-10-23,32,Nevada,4
2302,2021-10-23,36,New York,9
2303,2021-10-23,39,Ohio,12
2304,2021-10-23,40,Oklahoma,12
2305,2021-10-23,41,Oregon,1
2306,2021-10-23,42,Pennsylvania,29
2307,2021-10-23,72,Puerto Rico,22
2308,2021-10-23,44,Rhode Island,0
2309,2021-10-23,45,South Carolina,6
2310,2021-10-23,46,South Dakota,2
2311,2021-10-23,47,Tennessee,11
2312,2021-10-23,48,Texas,34
2313,2021-10-23,US,US,410
2314,2021-10-23,49,Utah,3
2315,2021-10-23,51,Virginia,23
2316,2021-10-23,78,Virgin Islands,0
2317,2021-10-23,50,Vermont,0
2318,2021-10-23,53,Washington,0
2319,2021-10-23,55,Wisconsin,10
2320,2021-10-23,54,West Virginia,4
2321,2021-10-23,56,Wyoming,0
2322,2021-10-30,02,Alaska,0
2323,2021-10-30,01,Alabama,14
2324,2021-10-30,05,Arkansas,3
2325,2021-10-30,04,Arizona,8
2326,2021-10-30,06,California,8
2327,2021-10-30,08,Colorado,4
2328,2021-10-30,09,Connecticut,0
2329,2021-10-30,11,District of Columbia,0
2330,2021-10-30,10,Delaware,3
2331,2021-10-30,12,Florida,39
2332,2021-10-30,13,Georgia,22
2333,2021-10-30,15,Hawaii,0
2334,2021-10-30,19,Iowa,0
2335,2021-10-30,16,Idaho,0
2336,2021-10-30,17,Illinois,2
2337,2021-10-30,18,Indiana,19
2338,2021-10-30,20,Kansas,2
2339,2021-10-30,21,Kentucky,7
2340,2021-10-30,22,Louisiana,1
2341,2021-10-30,25,Massachusetts,5
2342,2021-10-30,24,Maryland,7
2343,2021-10-30,23,Maine,0
2344,2021-10-30,26,Michigan,0
2345,2021-10-30,27,Minnesota,3
2346,2021-10-30,29,Missouri,13
2347,2021-10-30,28,Mississippi,3
2348,2021-10-30,30,Montana,0
2349,2021-10-30,37,North Carolina,48
2350,2021-10-30,38,North Dakota,3
2351,2021-10-30,31,Nebraska,0
2352,2021-10-30,33,New Hampshire,3
2353,2021-10-30,34,New Jersey,3
2354,2021-10-30,35,New Mexico,3
2355,2021-10-30,32,Nevada,2
2356,2021-10-30,36,New York,14
2357,2021-10-30,39,Ohio,11
2358,2021-10-30,40,Oklahoma,6
2359,2021-10-30,41,Oregon,0
2360,2021-10-30,42,Pennsylvania,26
2361,2021-10-30,72,Puerto Rico,13
2362,2021-10-30,44,Rhode Island,1
2363,2021-10-30,45,South Carolina,12
2364,2021-10-30,46,South Dakota,0
2365,2021-10-30,47,Tennessee,9
2366,2021-10-30,48,Texas,28
2367,2021-10-30,US,US,361
2368,2021-10-30,49,Utah,0
2369,2021-10-30,51,Virginia,11
2370,2021-10-30,78,Virgin Islands,0
2371,2021-10-30,50,Vermont,0
2372,2021-10-30,53,Washington,3
2373,2021-10-30,55,Wisconsin,2
2374,2021-10-30,54,West Virginia,0
2375,2021-10-30,56,Wyoming,0
2376,2021-11-06,02,Alaska,0
2377,2021-11-06,01,Alabama,8
2378,2021-11-06,05,Arkansas,10
2379,2021-11-06,04,Arizona,10
2380,2021-11-06,06,California,19
2381,2021-11-06,08,Colorado,6
2382,2021-11-06,09,Connecticut,0
2383,2021-11-06,11,District of Columbia,0
2384,2021-11-06,10,Delaware,1
2385,2021-11-06,12,Florida,45
2386,2021-11-06,13,Georgia,24
2387,2021-11-06,15,Hawaii,0
2388,2021-11-06,19,Iowa,1
2389,2021-11-06,16,Idaho,0
2390,2021-11-06,17,Illinois,2
2391,2021-11-06,18,Indiana,15
2392,2021-11-06,20,Kansas,0
2393,2021-11-06,21,Kentucky,6
2394,2021-11-06,22,Louisiana,8
2395,2021-11-06,25,Massachusetts,5
2396,2021-11-06,24,Maryland,4
2397,2021-11-06,23,Maine,0
2398,2021-11-06,26,Michigan,1
2399,2021-11-06,27,Minnesota,1
2400,2021-11-06,29,Missouri,6
2401,2021-11-06,28,Mississippi,6
2402,2021-11-06,30,Montana,0
2403,2021-11-06,37,North Carolina,38
2404,2021-11-06,38,North Dakota,1
2405,2021-11-06,31,Nebraska,0
2406,2021-11-06,33,New Hampshire,0
2407,2021-11-06,34,New Jersey,5
2408,2021-11-06,35,New Mexico,1
2409,2021-11-06,32,Nevada,5
2410,2021-11-06,36,New York,19
2411,2021-11-06,39,Ohio,15
2412,2021-11-06,40,Oklahoma,7
2413,2021-11-06,41,Oregon,0
2414,2021-11-06,42,Pennsylvania,17
2415,2021-11-06,72,Puerto Rico,31
2416,2021-11-06,44,Rhode Island,1
2417,2021-11-06,45,South Carolina,11
2418,2021-11-06,46,South Dakota,0
2419,2021-11-06,47,Tennessee,14
2420,2021-11-06,48,Texas,45
2421,2021-11-06,US,US,410
2422,2021-11-06,49,Utah,0
2423,2021-11-06,51,Virginia,17
2424,2021-11-06,78,Virgin Islands,0
2425,2021-11-06,50,Vermont,0
2426,2021-11-06,53,Washington,0
2427,2021-11-06,55,Wisconsin,1
2428,2021-11-06,54,West Virginia,4
2429,2021-11-06,56,Wyoming,0
2430,2021-11-13,02,Alaska,0
2431,2021-11-13,01,Alabama,23
2432,2021-11-13,05,Arkansas,11
2433,2021-11-13,04,Arizona,11
2434,2021-11-13,06,California,19
2435,2021-11-13,08,Colorado,4
2436,2021-11-13,09,Connecticut,0
2437,2021-11-13,11,District of Columbia,0
2438,2021-11-13,10,Delaware,2
2439,2021-11-13,12,Florida,65
2440,2021-11-13,13,Georgia,32
2441,2021-11-13,15,Hawaii,0
2442,2021-11-13,19,Iowa,1
2443,2021-11-13,16,Idaho,2
2444,2021-11-13,17,Illinois,5
2445,2021-11-13,18,Indiana,9
2446,2021-11-13,20,Kansas,8
2447,2021-11-13,21,Kentucky,7
2448,2021-11-13,22,Louisiana,6
2449,2021-11-13,25,Massachusetts,10
2450,2021-11-13,24,Maryland,8
2451,2021-11-13,23,Maine,0
2452,2021-11-13,26,Michigan,6
2453,2021-11-13,27,Minnesota,0
2454,2021-11-13,29,Missouri,11
2455,2021-11-13,28,Mississippi,10
2456,2021-11-13,30,Montana,0
2457,2021-11-13,37,North Carolina,4
2458,2021-11-13,38,North Dakota,3
2459,2021-11-13,31,Nebraska,0
2460,2021-11-13,33,New Hampshire,2
2461,2021-11-13,34,New Jersey,9
2462,2021-11-13,35,New Mexico,6
2463,2021-11-13,32,Nevada,6
2464,2021-11-13,36,New York,14
2465,2021-11-13,39,Ohio,11
2466,2021-11-13,40,Oklahoma,15
2467,2021-11-13,41,Oregon,0
2468,2021-11-13,42,Pennsylvania,22
2469,2021-11-13,72,Puerto Rico,29
2470,2021-11-13,44,Rhode Island,0
2471,2021-11-13,45,South Carolina,16
2472,2021-11-13,46,South Dakota,0
2473,2021-11-13,47,Tennessee,16
2474,2021-11-13,48,Texas,64
2475,2021-11-13,US,US,499
2476,2021-11-13,49,Utah,2
2477,2021-11-13,51,Virginia,17
2478,2021-11-13,78,Virgin Islands,0
2479,2021-11-13,50,Vermont,0
2480,2021-11-13,53,Washington,0
2481,2021-11-13,55,Wisconsin,4
2482,2021-11-13,54,West Virginia,6
2483,2021-11-13,56,Wyoming,3
2484,2021-11-20,02,Alaska,0
2485,2021-11-20,01,Alabama,29
2486,2021-11-20,05,Arkansas,9
2487,2021-11-20,04,Arizona,11
2488,2021-11-20,06,California,25
2489,2021-11-20,08,Colorado,4
2490,2021-11-20,09,Connecticut,2
2491,2021-11-20,11,District of Columbia,0
2492,2021-11-20,10,Delaware,6
2493,2021-11-20,12,Florida,76
2494,2021-11-20,13,Georgia,22
2495,2021-11-20,15,Hawaii,0
2496,2021-11-20,19,Iowa,0
2497,2021-11-20,16,Idaho,3
2498,2021-11-20,17,Illinois,8
2499,2021-11-20,18,Indiana,18
2500,2021-11-20,20,Kansas,5
2501,2021-11-20,21,Kentucky,11
2502,2021-11-20,22,Louisiana,1
2503,2021-11-20,25,Massachusetts,10
2504,2021-11-20,24,Maryland,3
2505,2021-11-20,23,Maine,2
2506,2021-11-20,26,Michigan,6
2507,2021-11-20,27,Minnesota,2
2508,2021-11-20,29,Missouri,8
2509,2021-11-20,28,Mississippi,10
2510,2021-11-20,30,Montana,0
2511,2021-11-20,37,North Carolina,3
2512,2021-11-20,38,North Dakota,1
2513,2021-11-20,31,Nebraska,0
2514,2021-11-20,33,New Hampshire,0
2515,2021-11-20,34,New Jersey,18
2516,2021-11-20,35,New Mexico,1
2517,2021-11-20,32,Nevada,9
2518,2021-11-20,36,New York,24
2519,2021-11-20,39,Ohio,9
2520,2021-11-20,40,Oklahoma,14
2521,2021-11-20,41,Oregon,1
2522,2021-11-20,42,Pennsylvania,30
2523,2021-11-20,72,Puerto Rico,22
2524,2021-11-20,44,Rhode Island,0
2525,2021-11-20,45,South Carolina,14
2526,2021-11-20,46,South Dakota,3
2527,2021-11-20,47,Tennessee,13
2528,2021-11-20,48,Texas,50
2529,2021-11-20,US,US,521
2530,2021-11-20,49,Utah,1
2531,2021-11-20,51,Virginia,23
2532,2021-11-20,78,Virgin Islands,0
2533,2021-11-20,50,Vermont,0
2534,2021-11-20,53,Washington,1
2535,2021-11-20,55,Wisconsin,6
2536,2021-11-20,54,West Virginia,5
2537,2021-11-20,56,Wyoming,2
2538,2021-11-27,02,Alaska,0
2539,2021-11-27,01,Alabama,19
2540,2021-11-27,05,Arkansas,10
2541,2021-11-27,04,Arizona,18
2542,2021-11-27,06,California,28
2543,2021-11-27,08,Colorado,4
2544,2021-11-27,09,Connecticut,3
2545,2021-11-27,11,District of Columbia,1
2546,2021-11-27,10,Delaware,5
2547,2021-11-27,12,Florida,78
2548,2021-11-27,13,Georgia,21
2549,2021-11-27,15,Hawaii,1
2550,2021-11-27,19,Iowa,3
2551,2021-11-27,16,Idaho,2
2552,2021-11-27,17,Illinois,6
2553,2021-11-27,18,Indiana,18
2554,2021-11-27,20,Kansas,5
2555,2021-11-27,21,Kentucky,6
2556,2021-11-27,22,Louisiana,7
2557,2021-11-27,25,Massachusetts,12
2558,2021-11-27,24,Maryland,5
2559,2021-11-27,23,Maine,1
2560,2021-11-27,26,Michigan,28
2561,2021-11-27,27,Minnesota,2
2562,2021-11-27,29,Missouri,15
2563,2021-11-27,28,Mississippi,18
2564,2021-11-27,30,Montana,0
2565,2021-11-27,37,North Carolina,24
2566,2021-11-27,38,North Dakota,5
2567,2021-11-27,31,Nebraska,5
2568,2021-11-27,33,New Hampshire,3
2569,2021-11-27,34,New Jersey,24
2570,2021-11-27,35,New Mexico,3
2571,2021-11-27,32,Nevada,8
2572,2021-11-27,36,New York,24
2573,2021-11-27,39,Ohio,17
2574,2021-11-27,40,Oklahoma,14
2575,2021-11-27,41,Oregon,7
2576,2021-11-27,42,Pennsylvania,31
2577,2021-11-27,72,Puerto Rico,37
2578,2021-11-27,44,Rhode Island,0
2579,2021-11-27,45,South Carolina,10
2580,2021-11-27,46,South Dakota,2
2581,2021-11-27,47,Tennessee,20
2582,2021-11-27,48,Texas,48
2583,2021-11-27,US,US,646
2584,2021-11-27,49,Utah,0
2585,2021-11-27,51,Virginia,33
2586,2021-11-27,78,Virgin Islands,0
2587,2021-11-27,50,Vermont,0
2588,2021-11-27,53,Washington,0
2589,2021-11-27,55,Wisconsin,7
2590,2021-11-27,54,West Virginia,6
2591,2021-11-27,56,Wyoming,2
2592,2021-12-04,02,Alaska,0
2593,2021-12-04,01,Alabama,32
2594,2021-12-04,05,Arkansas,15
2595,2021-12-04,04,Arizona,33
2596,2021-12-04,06,California,54
2597,2021-12-04,08,Colorado,18
2598,2021-12-04,09,Connecticut,14
2599,2021-12-04,11,District of Columbia,1
2600,2021-12-04,10,Delaware,9
2601,2021-12-04,12,Florida,90
2602,2021-12-04,13,Georgia,39
2603,2021-12-04,15,Hawaii,0
2604,2021-12-04,19,Iowa,0
2605,2021-12-04,16,Idaho,0
2606,2021-12-04,17,Illinois,23
2607,2021-12-04,18,Indiana,33
2608,2021-12-04,20,Kansas,4
2609,2021-12-04,21,Kentucky,5
2610,2021-12-04,22,Louisiana,18
2611,2021-12-04,25,Massachusetts,21
2612,2021-12-04,24,Maryland,9
2613,2021-12-04,23,Maine,5
2614,2021-12-04,26,Michigan,27
2615,2021-12-04,27,Minnesota,15
2616,2021-12-04,29,Missouri,31
2617,2021-12-04,28,Mississippi,22
2618,2021-12-04,30,Montana,0
2619,2021-12-04,37,North Carolina,22
2620,2021-12-04,38,North Dakota,7
2621,2021-12-04,31,Nebraska,19
2622,2021-12-04,33,New Hampshire,0
2623,2021-12-04,34,New Jersey,41
2624,2021-12-04,35,New Mexico,6
2625,2021-12-04,32,Nevada,7
2626,2021-12-04,36,New York,47
2627,2021-12-04,39,Ohio,44
2628,2021-12-04,40,Oklahoma,21
2629,2021-12-04,41,Oregon,3
2630,2021-12-04,42,Pennsylvania,68
2631,2021-12-04,72,Puerto Rico,27
2632,2021-12-04,44,Rhode Island,3
2633,2021-12-04,45,South Carolina,16
2634,2021-12-04,46,South Dakota,6
2635,2021-12-04,47,Tennessee,25
2636,2021-12-04,48,Texas,55
2637,2021-12-04,US,US,1013
2638,2021-12-04,49,Utah,5
2639,2021-12-04,51,Virginia,39
2640,2021-12-04,78,Virgin Islands,0
2641,2021-12-04,50,Vermont,1
2642,2021-12-04,53,Washington,1
2643,2021-12-04,55,Wisconsin,17
2644,2021-12-04,54,West Virginia,12
2645,2021-12-04,56,Wyoming,3
2646,2021-12-11,02,Alaska,0
2647,2021-12-11,01,Alabama,23
2648,2021-12-11,05,Arkansas,11
2649,2021-12-11,04,Arizona,30
2650,2021-12-11,06,California,66
2651,2021-12-11,08,Colorado,30
2652,2021-12-11,09,Connecticut,16
2653,2021-12-11,11,District of Columbia,3
2654,2021-12-11,10,Delaware,10
2655,2021-12-11,12,Florida,92
2656,2021-12-11,13,Georgia,52
2657,2021-12-11,15,Hawaii,0
2658,2021-12-11,19,Iowa,4
2659,2021-12-11,16,Idaho,1
2660,2021-12-11,17,Illinois,25
2661,2021-12-11,18,Indiana,37
2662,2021-12-11,20,Kansas,8
2663,2021-12-11,21,Kentucky,7
2664,2021-12-11,22,Louisiana,30
2665,2021-12-11,25,Massachusetts,25
2666,2021-12-11,24,Maryland,5
2667,2021-12-11,23,Maine,2
2668,2021-12-11,26,Michigan,58
2669,2021-12-11,27,Minnesota,28
2670,2021-12-11,29,Missouri,39
2671,2021-12-11,28,Mississippi,8
2672,2021-12-11,30,Montana,1
2673,2021-12-11,37,North Carolina,42
2674,2021-12-11,38,North Dakota,3
2675,2021-12-11,31,Nebraska,18
2676,2021-12-11,33,New Hampshire,6
2677,2021-12-11,34,New Jersey,48
2678,2021-12-11,35,New Mexico,2
2679,2021-12-11,32,Nevada,6
2680,2021-12-11,36,New York,82
2681,2021-12-11,39,Ohio,43
2682,2021-12-11,40,Oklahoma,36
2683,2021-12-11,41,Oregon,6
2684,2021-12-11,42,Pennsylvania,87
2685,2021-12-11,72,Puerto Rico,22
2686,2021-12-11,44,Rhode Island,3
2687,2021-12-11,45,South Carolina,21
2688,2021-12-11,46,South Dakota,9
2689,2021-12-11,47,Tennessee,38
2690,2021-12-11,48,Texas,74
2691,2021-12-11,US,US,1223
2692,2021-12-11,49,Utah,2
2693,2021-12-11,51,Virginia,43
2694,2021-12-11,78,Virgin Islands,0
2695,2021-12-11,50,Vermont,0
2696,2021-12-11,53,Washington,1
2697,2021-12-11,55,Wisconsin,6
2698,2021-12-11,54,West Virginia,13
2699,2021-12-11,56,Wyoming,1
2700,2021-12-18,02,Alaska,2
2701,2021-12-18,01,Alabama,34
2702,2021-12-18,05,Arkansas,14
2703,2021-12-18,04,Arizona,44
2704,2021-12-18,06,California,70
2705,2021-12-18,08,Colorado,41
2706,2021-12-18,09,Connecticut,16
2707,2021-12-18,11,District of Columbia,0
2708,2021-12-18,10,Delaware,13
2709,2021-12-18,12,Florida,107
2710,2021-12-18,13,Georgia,48
2711,2021-12-18,15,Hawaii,0
2712,2021-12-18,19,Iowa,2
2713,2021-12-18,16,Idaho,2
2714,2021-12-18,17,Illinois,28
2715,2021-12-18,18,Indiana,49
2716,2021-12-18,20,Kansas,16
2717,2021-12-18,21,Kentucky,9
2718,2021-12-18,22,Louisiana,35
2719,2021-12-18,25,Massachusetts,26
2720,2021-12-18,24,Maryland,34
2721,2021-12-18,23,Maine,1
2722,2021-12-18,26,Michigan,56
2723,2021-12-18,27,Minnesota,42
2724,2021-12-18,29,Missouri,53
2725,2021-12-18,28,Mississippi,19
2726,2021-12-18,30,Montana,3
2727,2021-12-18,37,North Carolina,45
2728,2021-12-18,38,North Dakota,7
2729,2021-12-18,31,Nebraska,13
2730,2021-12-18,33,New Hampshire,11
2731,2021-12-18,34,New Jersey,72
2732,2021-12-18,35,New Mexico,4
2733,2021-12-18,32,Nevada,3
2734,2021-12-18,36,New York,83
2735,2021-12-18,39,Ohio,77
2736,2021-12-18,40,Oklahoma,38
2737,2021-12-18,41,Oregon,7
2738,2021-12-18,42,Pennsylvania,80
2739,2021-12-18,72,Puerto Rico,23
2740,2021-12-18,44,Rhode Island,1
2741,2021-12-18,45,South Carolina,21
2742,2021-12-18,46,South Dakota,2
2743,2021-12-18,47,Tennessee,49
2744,2021-12-18,48,Texas,90
2745,2021-12-18,US,US,1475
2746,2021-12-18,49,Utah,4
2747,2021-12-18,51,Virginia,49
2748,2021-12-18,78,Virgin Islands,0
2749,2021-12-18,50,Vermont,0
2750,2021-12-18,53,Washington,0
2751,2021-12-18,55,Wisconsin,24
2752,2021-12-18,54,West Virginia,7
2753,2021-12-18,56,Wyoming,1
2754,2021-12-25,02,Alaska,7
2755,2021-12-25,01,Alabama,20
2756,2021-12-25,05,Arkansas,15
2757,2021-12-25,04,Arizona,68
2758,2021-12-25,06,California,118
2759,2021-12-25,08,Colorado,53
2760,2021-12-25,09,Connecticut,25
2761,2021-12-25,11,District of Columbia,0
2762,2021-12-25,10,Delaware,10
2763,2021-12-25,12,Florida,116
2764,2021-12-25,13,Georgia,48
2765,2021-12-25,15,Hawaii,1
2766,2021-12-25,19,Iowa,5
2767,2021-12-25,16,Idaho,3
2768,2021-12-25,17,Illinois,27
2769,2021-12-25,18,Indiana,121
2770,2021-12-25,20,Kansas,22
2771,2021-12-25,21,Kentucky,11
2772,2021-12-25,22,Louisiana,44
2773,2021-12-25,25,Massachusetts,38
2774,2021-12-25,24,Maryland,31
2775,2021-12-25,23,Maine,1
2776,2021-12-25,26,Michigan,68
2777,2021-12-25,27,Minnesota,75
2778,2021-12-25,29,Missouri,85
2779,2021-12-25,28,Mississippi,32
2780,2021-12-25,30,Montana,3
2781,2021-12-25,37,North Carolina,98
2782,2021-12-25,38,North Dakota,14
2783,2021-12-25,31,Nebraska,30
2784,2021-12-25,33,New Hampshire,5
2785,2021-12-25,34,New Jersey,56
2786,2021-12-25,35,New Mexico,5
2787,2021-12-25,32,Nevada,9
2788,2021-12-25,36,New York,66
2789,2021-12-25,39,Ohio,91
2790,2021-12-25,40,Oklahoma,85
2791,2021-12-25,41,Oregon,3
2792,2021-12-25,42,Pennsylvania,97
2793,2021-12-25,72,Puerto Rico,23
2794,2021-12-25,44,Rhode Island,4
2795,2021-12-25,45,South Carolina,36
2796,2021-12-25,46,South Dakota,27
2797,2021-12-25,47,Tennessee,58
2798,2021-12-25,48,Texas,93
2799,2021-12-25,US,US,1981
2800,2021-12-25,49,Utah,7
2801,2021-12-25,51,Virginia,44
2802,2021-12-25,78,Virgin Islands,0
2803,2021-12-25,50,Vermont,1
2804,2021-12-25,53,Washington,5
2805,2021-12-25,55,Wisconsin,48
2806,2021-12-25,54,West Virginia,25
2807,2021-12-25,56,Wyoming,4
2808,2022-01-01,02,Alaska,8
2809,2022-01-01,01,Alabama,60
2810,2022-01-01,05,Arkansas,33
2811,2022-01-01,04,Arizona,149
2812,2022-01-01,06,California,97
2813,2022-01-01,08,Colorado,63
2814,2022-01-01,09,Connecticut,21
2815,2022-01-01,11,District of Columbia,0
2816,2022-01-01,10,Delaware,17
2817,2022-01-01,12,Florida,126
2818,2022-01-01,13,Georgia,69
2819,2022-01-01,15,Hawaii,0
2820,2022-01-01,19,Iowa,13
2821,2022-01-01,16,Idaho,6
2822,2022-01-01,17,Illinois,49
2823,2022-01-01,18,Indiana,96
2824,2022-01-01,20,Kansas,33
2825,2022-01-01,21,Kentucky,10
2826,2022-01-01,22,Louisiana,59
2827,2022-01-01,25,Massachusetts,63
2828,2022-01-01,24,Maryland,10
2829,2022-01-01,23,Maine,1
2830,2022-01-01,26,Michigan,102
2831,2022-01-01,27,Minnesota,112
2832,2022-01-01,29,Missouri,126
2833,2022-01-01,28,Mississippi,54
2834,2022-01-01,30,Montana,17
2835,2022-01-01,37,North Carolina,180
2836,2022-01-01,38,North Dakota,46
2837,2022-01-01,31,Nebraska,45
2838,2022-01-01,33,New Hampshire,8
2839,2022-01-01,34,New Jersey,56
2840,2022-01-01,35,New Mexico,3
2841,2022-01-01,32,Nevada,8
2842,2022-01-01,36,New York,78
2843,2022-01-01,39,Ohio,180
2844,2022-01-01,40,Oklahoma,151
2845,2022-01-01,41,Oregon,8
2846,2022-01-01,42,Pennsylvania,119
2847,2022-01-01,72,Puerto Rico,15
2848,2022-01-01,44,Rhode Island,3
2849,2022-01-01,45,South Carolina,50
2850,2022-01-01,46,South Dakota,30
2851,2022-01-01,47,Tennessee,84
2852,2022-01-01,48,Texas,107
2853,2022-01-01,US,US,2770
2854,2022-01-01,49,Utah,6
2855,2022-01-01,51,Virginia,56
2856,2022-01-01,78,Virgin Islands,0
2857,2022-01-01,50,Vermont,0
2858,2022-01-01,53,Washington,5
2859,2022-01-01,55,Wisconsin,99
2860,2022-01-01,54,West Virginia,19
2861,2022-01-01,56,Wyoming,20
2862,2022-01-08,02,Alaska,5
2863,2022-01-08,01,Alabama,27
2864,2022-01-08,05,Arkansas,45
2865,2022-01-08,04,Arizona,137
2866,2022-01-08,06,California,96
2867,2022-01-08,08,Colorado,25
2868,2022-01-08,09,Connecticut,12
2869,2022-01-08,11,District of Columbia,0
2870,2022-01-08,10,Delaware,9
2871,2022-01-08,12,Florida,91
2872,2022-01-08,13,Georgia,40
2873,2022-01-08,15,Hawaii,0
2874,2022-01-08,19,Iowa,18
2875,2022-01-08,16,Idaho,5
2876,2022-01-08,17,Illinois,24
2877,2022-01-08,18,Indiana,62
2878,2022-01-08,20,Kansas,60
2879,2022-01-08,21,Kentucky,6
2880,2022-01-08,22,Louisiana,27
2881,2022-01-08,25,Massachusetts,54
2882,2022-01-08,24,Maryland,11
2883,2022-01-08,23,Maine,3
2884,2022-01-08,26,Michigan,51
2885,2022-01-08,27,Minnesota,95
2886,2022-01-08,29,Missouri,81
2887,2022-01-08,28,Mississippi,33
2888,2022-01-08,30,Montana,26
2889,2022-01-08,37,North Carolina,184
2890,2022-01-08,38,North Dakota,43
2891,2022-01-08,31,Nebraska,33
2892,2022-01-08,33,New Hampshire,2
2893,2022-01-08,34,New Jersey,45
2894,2022-01-08,35,New Mexico,4
2895,2022-01-08,32,Nevada,11
2896,2022-01-08,36,New York,43
2897,2022-01-08,39,Ohio,88
2898,2022-01-08,40,Oklahoma,125
2899,2022-01-08,41,Oregon,3
2900,2022-01-08,42,Pennsylvania,98
2901,2022-01-08,72,Puerto Rico,28
2902,2022-01-08,44,Rhode Island,2
2903,2022-01-08,45,South Carolina,20
2904,2022-01-08,46,South Dakota,21
2905,2022-01-08,47,Tennessee,69
2906,2022-01-08,48,Texas,137
2907,2022-01-08,US,US,2138
2908,2022-01-08,49,Utah,4
2909,2022-01-08,51,Virginia,56
2910,2022-01-08,78,Virgin Islands,0
2911,2022-01-08,50,Vermont,0
2912,2022-01-08,53,Washington,0
2913,2022-01-08,55,Wisconsin,53
2914,2022-01-08,54,West Virginia,15
2915,2022-01-08,56,Wyoming,11
